iteration,latency_ns,latency_ms,precision,threads,scope
0,24592227,24.5922,double_intermediate,1,plan+SOCS+FI+output_formation
1,17087300,17.0873,double_intermediate,1,plan+SOCS+FI+output_formation
2,15664456,15.6645,double_intermediate,1,plan+SOCS+FI+output_formation
3,16113035,16.113,double_intermediate,1,plan+SOCS+FI+output_formation
4,15718639,15.7186,double_intermediate,1,plan+SOCS+FI+output_formation
5,15629544,15.6295,double_intermediate,1,plan+SOCS+FI+output_formation
6,15697355,15.6974,double_intermediate,1,plan+SOCS+FI+output_formation
7,15840324,15.8403,double_intermediate,1,plan+SOCS+FI+output_formation
8,16386352,16.3864,double_intermediate,1,plan+SOCS+FI+output_formation
9,15810396,15.8104,double_intermediate,1,plan+SOCS+FI+output_formation
10,15878594,15.8786,double_intermediate,1,plan+SOCS+FI+output_formation
11,15747901,15.7479,double_intermediate,1,plan+SOCS+FI+output_formation
12,16038728,16.0387,double_intermediate,1,plan+SOCS+FI+output_formation
13,15844701,15.8447,double_intermediate,1,plan+SOCS+FI+output_formation
14,15682214,15.6822,double_intermediate,1,plan+SOCS+FI+output_formation
15,16407332,16.4073,double_intermediate,1,plan+SOCS+FI+output_formation
16,20817484,20.8175,double_intermediate,1,plan+SOCS+FI+output_formation
17,16765179,16.7652,double_intermediate,1,plan+SOCS+FI+output_formation
18,15638277,15.6383,double_intermediate,1,plan+SOCS+FI+output_formation
19,15632155,15.6322,double_intermediate,1,plan+SOCS+FI+output_formation
20,15659324,15.6593,double_intermediate,1,plan+SOCS+FI+output_formation
21,15609117,15.6091,double_intermediate,1,plan+SOCS+FI+output_formation
22,15604977,15.605,double_intermediate,1,plan+SOCS+FI+output_formation
23,15639190,15.6392,double_intermediate,1,plan+SOCS+FI+output_formation
24,15591711,15.5917,double_intermediate,1,plan+SOCS+FI+output_formation
25,15739992,15.74,double_intermediate,1,plan+SOCS+FI+output_formation
26,15710658,15.7107,double_intermediate,1,plan+SOCS+FI+output_formation
27,15820238,15.8202,double_intermediate,1,plan+SOCS+FI+output_formation
28,15773488,15.7735,double_intermediate,1,plan+SOCS+FI+output_formation
29,15705648,15.7056,double_intermediate,1,plan+SOCS+FI+output_formation
30,15791406,15.7914,double_intermediate,1,plan+SOCS+FI+output_formation
31,15657351,15.6574,double_intermediate,1,plan+SOCS+FI+output_formation
32,15682264,15.6823,double_intermediate,1,plan+SOCS+FI+output_formation
33,15784874,15.7849,double_intermediate,1,plan+SOCS+FI+output_formation
34,15728352,15.7284,double_intermediate,1,plan+SOCS+FI+output_formation
35,15749002,15.749,double_intermediate,1,plan+SOCS+FI+output_formation
36,15721353,15.7214,double_intermediate,1,plan+SOCS+FI+output_formation
37,15780017,15.78,double_intermediate,1,plan+SOCS+FI+output_formation
38,15750154,15.7502,double_intermediate,1,plan+SOCS+FI+output_formation
39,15781598,15.7816,double_intermediate,1,plan+SOCS+FI+output_formation
40,15767397,15.7674,double_intermediate,1,plan+SOCS+FI+output_formation
41,15781208,15.7812,double_intermediate,1,plan+SOCS+FI+output_formation
42,15751105,15.7511,double_intermediate,1,plan+SOCS+FI+output_formation
43,15815858,15.8159,double_intermediate,1,plan+SOCS+FI+output_formation
44,15689714,15.6897,double_intermediate,1,plan+SOCS+FI+output_formation
45,15737306,15.7373,double_intermediate,1,plan+SOCS+FI+output_formation
46,15705477,15.7055,double_intermediate,1,plan+SOCS+FI+output_formation
47,15760382,15.7604,double_intermediate,1,plan+SOCS+FI+output_formation
48,18477593,18.4776,double_intermediate,1,plan+SOCS+FI+output_formation
49,16583888,16.5839,double_intermediate,1,plan+SOCS+FI+output_formation
50,15657539,15.6575,double_intermediate,1,plan+SOCS+FI+output_formation
51,15707974,15.708,double_intermediate,1,plan+SOCS+FI+output_formation
52,15634865,15.6349,double_intermediate,1,plan+SOCS+FI+output_formation
53,15648388,15.6484,double_intermediate,1,plan+SOCS+FI+output_formation
54,15598493,15.5985,double_intermediate,1,plan+SOCS+FI+output_formation
55,15628258,15.6283,double_intermediate,1,plan+SOCS+FI+output_formation
56,15644279,15.6443,double_intermediate,1,plan+SOCS+FI+output_formation
57,15612726,15.6127,double_intermediate,1,plan+SOCS+FI+output_formation
58,15781688,15.7817,double_intermediate,1,plan+SOCS+FI+output_formation
59,15834341,15.8343,double_intermediate,1,plan+SOCS+FI+output_formation
60,15675291,15.6753,double_intermediate,1,plan+SOCS+FI+output_formation
61,15716870,15.7169,double_intermediate,1,plan+SOCS+FI+output_formation
62,16956507,16.9565,double_intermediate,1,plan+SOCS+FI+output_formation
63,15721285,15.7213,double_intermediate,1,plan+SOCS+FI+output_formation
64,15762528,15.7625,double_intermediate,1,plan+SOCS+FI+output_formation
65,15663518,15.6635,double_intermediate,1,plan+SOCS+FI+output_formation
66,15773432,15.7734,double_intermediate,1,plan+SOCS+FI+output_formation
67,15662464,15.6625,double_intermediate,1,plan+SOCS+FI+output_formation
68,15851729,15.8517,double_intermediate,1,plan+SOCS+FI+output_formation
69,15621871,15.6219,double_intermediate,1,plan+SOCS+FI+output_formation
70,15662419,15.6624,double_intermediate,1,plan+SOCS+FI+output_formation
71,15930793,15.9308,double_intermediate,1,plan+SOCS+FI+output_formation
72,15640423,15.6404,double_intermediate,1,plan+SOCS+FI+output_formation
73,15751681,15.7517,double_intermediate,1,plan+SOCS+FI+output_formation
74,15745729,15.7457,double_intermediate,1,plan+SOCS+FI+output_formation
75,15641447,15.6414,double_intermediate,1,plan+SOCS+FI+output_formation
76,15679541,15.6795,double_intermediate,1,plan+SOCS+FI+output_formation
77,15713182,15.7132,double_intermediate,1,plan+SOCS+FI+output_formation
78,15757423,15.7574,double_intermediate,1,plan+SOCS+FI+output_formation
79,16776060,16.7761,double_intermediate,1,plan+SOCS+FI+output_formation
80,16861305,16.8613,double_intermediate,1,plan+SOCS+FI+output_formation
81,15591924,15.5919,double_intermediate,1,plan+SOCS+FI+output_formation
82,16492663,16.4927,double_intermediate,1,plan+SOCS+FI+output_formation
83,15664794,15.6648,double_intermediate,1,plan+SOCS+FI+output_formation
84,15737293,15.7373,double_intermediate,1,plan+SOCS+FI+output_formation
85,15606541,15.6065,double_intermediate,1,plan+SOCS+FI+output_formation
86,15699517,15.6995,double_intermediate,1,plan+SOCS+FI+output_formation
87,15647257,15.6473,double_intermediate,1,plan+SOCS+FI+output_formation
88,15704982,15.705,double_intermediate,1,plan+SOCS+FI+output_formation
89,15621475,15.6215,double_intermediate,1,plan+SOCS+FI+output_formation
90,15638413,15.6384,double_intermediate,1,plan+SOCS+FI+output_formation
91,15699567,15.6996,double_intermediate,1,plan+SOCS+FI+output_formation
92,15592770,15.5928,double_intermediate,1,plan+SOCS+FI+output_formation
93,15661994,15.662,double_intermediate,1,plan+SOCS+FI+output_formation
94,15679103,15.6791,double_intermediate,1,plan+SOCS+FI+output_formation
95,15681363,15.6814,double_intermediate,1,plan+SOCS+FI+output_formation
96,15656155,15.6562,double_intermediate,1,plan+SOCS+FI+output_formation
97,15593769,15.5938,double_intermediate,1,plan+SOCS+FI+output_formation
98,15629199,15.6292,double_intermediate,1,plan+SOCS+FI+output_formation
99,15811542,15.8115,double_intermediate,1,plan+SOCS+FI+output_formation
100,15633213,15.6332,double_intermediate,1,plan+SOCS+FI+output_formation
101,15629039,15.629,double_intermediate,1,plan+SOCS+FI+output_formation
102,15652284,15.6523,double_intermediate,1,plan+SOCS+FI+output_formation
103,15664255,15.6643,double_intermediate,1,plan+SOCS+FI+output_formation
104,15635649,15.6356,double_intermediate,1,plan+SOCS+FI+output_formation
105,15627223,15.6272,double_intermediate,1,plan+SOCS+FI+output_formation
106,15626446,15.6264,double_intermediate,1,plan+SOCS+FI+output_formation
107,15603303,15.6033,double_intermediate,1,plan+SOCS+FI+output_formation
108,15623546,15.6235,double_intermediate,1,plan+SOCS+FI+output_formation
109,15634067,15.6341,double_intermediate,1,plan+SOCS+FI+output_formation
110,15622463,15.6225,double_intermediate,1,plan+SOCS+FI+output_formation
111,18037547,18.0375,double_intermediate,1,plan+SOCS+FI+output_formation
112,16106798,16.1068,double_intermediate,1,plan+SOCS+FI+output_formation
113,15705137,15.7051,double_intermediate,1,plan+SOCS+FI+output_formation
114,15624824,15.6248,double_intermediate,1,plan+SOCS+FI+output_formation
115,15720103,15.7201,double_intermediate,1,plan+SOCS+FI+output_formation
116,15672976,15.673,double_intermediate,1,plan+SOCS+FI+output_formation
117,15796609,15.7966,double_intermediate,1,plan+SOCS+FI+output_formation
118,17271453,17.2715,double_intermediate,1,plan+SOCS+FI+output_formation
119,16505063,16.5051,double_intermediate,1,plan+SOCS+FI+output_formation
120,15674987,15.675,double_intermediate,1,plan+SOCS+FI+output_formation
121,16002294,16.0023,double_intermediate,1,plan+SOCS+FI+output_formation
122,16202601,16.2026,double_intermediate,1,plan+SOCS+FI+output_formation
123,15601417,15.6014,double_intermediate,1,plan+SOCS+FI+output_formation
124,15666897,15.6669,double_intermediate,1,plan+SOCS+FI+output_formation
125,15637620,15.6376,double_intermediate,1,plan+SOCS+FI+output_formation
126,15729117,15.7291,double_intermediate,1,plan+SOCS+FI+output_formation
127,15968683,15.9687,double_intermediate,1,plan+SOCS+FI+output_formation
128,15798475,15.7985,double_intermediate,1,plan+SOCS+FI+output_formation
129,15797396,15.7974,double_intermediate,1,plan+SOCS+FI+output_formation
130,15773289,15.7733,double_intermediate,1,plan+SOCS+FI+output_formation
131,15831757,15.8318,double_intermediate,1,plan+SOCS+FI+output_formation
132,15800711,15.8007,double_intermediate,1,plan+SOCS+FI+output_formation
133,15795324,15.7953,double_intermediate,1,plan+SOCS+FI+output_formation
134,15871367,15.8714,double_intermediate,1,plan+SOCS+FI+output_formation
135,15759648,15.7596,double_intermediate,1,plan+SOCS+FI+output_formation
136,15822368,15.8224,double_intermediate,1,plan+SOCS+FI+output_formation
137,15766414,15.7664,double_intermediate,1,plan+SOCS+FI+output_formation
138,15746882,15.7469,double_intermediate,1,plan+SOCS+FI+output_formation
139,15808340,15.8083,double_intermediate,1,plan+SOCS+FI+output_formation
140,16461858,16.4619,double_intermediate,1,plan+SOCS+FI+output_formation
141,15673348,15.6733,double_intermediate,1,plan+SOCS+FI+output_formation
142,16633024,16.633,double_intermediate,1,plan+SOCS+FI+output_formation
143,16075309,16.0753,double_intermediate,1,plan+SOCS+FI+output_formation
144,15758248,15.7582,double_intermediate,1,plan+SOCS+FI+output_formation
145,15675636,15.6756,double_intermediate,1,plan+SOCS+FI+output_formation
146,15794013,15.794,double_intermediate,1,plan+SOCS+FI+output_formation
147,15799194,15.7992,double_intermediate,1,plan+SOCS+FI+output_formation
148,15750874,15.7509,double_intermediate,1,plan+SOCS+FI+output_formation
149,15750629,15.7506,double_intermediate,1,plan+SOCS+FI+output_formation
150,15687218,15.6872,double_intermediate,1,plan+SOCS+FI+output_formation
151,15769441,15.7694,double_intermediate,1,plan+SOCS+FI+output_formation
152,15701447,15.7014,double_intermediate,1,plan+SOCS+FI+output_formation
153,15902710,15.9027,double_intermediate,1,plan+SOCS+FI+output_formation
154,15814315,15.8143,double_intermediate,1,plan+SOCS+FI+output_formation
155,15808507,15.8085,double_intermediate,1,plan+SOCS+FI+output_formation
156,15708552,15.7086,double_intermediate,1,plan+SOCS+FI+output_formation
157,15887766,15.8878,double_intermediate,1,plan+SOCS+FI+output_formation
158,15739233,15.7392,double_intermediate,1,plan+SOCS+FI+output_formation
159,15798403,15.7984,double_intermediate,1,plan+SOCS+FI+output_formation
160,15739053,15.7391,double_intermediate,1,plan+SOCS+FI+output_formation
161,15613513,15.6135,double_intermediate,1,plan+SOCS+FI+output_formation
162,15610522,15.6105,double_intermediate,1,plan+SOCS+FI+output_formation
163,15609854,15.6099,double_intermediate,1,plan+SOCS+FI+output_formation
164,15650956,15.651,double_intermediate,1,plan+SOCS+FI+output_formation
165,15620431,15.6204,double_intermediate,1,plan+SOCS+FI+output_formation
166,15695480,15.6955,double_intermediate,1,plan+SOCS+FI+output_formation
167,15674164,15.6742,double_intermediate,1,plan+SOCS+FI+output_formation
168,15639271,15.6393,double_intermediate,1,plan+SOCS+FI+output_formation
169,15667223,15.6672,double_intermediate,1,plan+SOCS+FI+output_formation
170,15652684,15.6527,double_intermediate,1,plan+SOCS+FI+output_formation
171,15812557,15.8126,double_intermediate,1,plan+SOCS+FI+output_formation
172,15761210,15.7612,double_intermediate,1,plan+SOCS+FI+output_formation
173,15736700,15.7367,double_intermediate,1,plan+SOCS+FI+output_formation
174,17952460,17.9525,double_intermediate,1,plan+SOCS+FI+output_formation
175,16894178,16.8942,double_intermediate,1,plan+SOCS+FI+output_formation
176,15802350,15.8024,double_intermediate,1,plan+SOCS+FI+output_formation
177,15788614,15.7886,double_intermediate,1,plan+SOCS+FI+output_formation
178,15813456,15.8135,double_intermediate,1,plan+SOCS+FI+output_formation
179,15708438,15.7084,double_intermediate,1,plan+SOCS+FI+output_formation
180,15963376,15.9634,double_intermediate,1,plan+SOCS+FI+output_formation
181,15623280,15.6233,double_intermediate,1,plan+SOCS+FI+output_formation
182,15632997,15.633,double_intermediate,1,plan+SOCS+FI+output_formation
183,15602164,15.6022,double_intermediate,1,plan+SOCS+FI+output_formation
184,15985225,15.9852,double_intermediate,1,plan+SOCS+FI+output_formation
185,15914874,15.9149,double_intermediate,1,plan+SOCS+FI+output_formation
186,15832960,15.833,double_intermediate,1,plan+SOCS+FI+output_formation
187,15744595,15.7446,double_intermediate,1,plan+SOCS+FI+output_formation
188,15780364,15.7804,double_intermediate,1,plan+SOCS+FI+output_formation
189,15758190,15.7582,double_intermediate,1,plan+SOCS+FI+output_formation
190,15559826,15.5598,double_intermediate,1,plan+SOCS+FI+output_formation
191,15534163,15.5342,double_intermediate,1,plan+SOCS+FI+output_formation
192,15652460,15.6525,double_intermediate,1,plan+SOCS+FI+output_formation
193,15497864,15.4979,double_intermediate,1,plan+SOCS+FI+output_formation
194,15513579,15.5136,double_intermediate,1,plan+SOCS+FI+output_formation
195,15659665,15.6597,double_intermediate,1,plan+SOCS+FI+output_formation
196,15511088,15.5111,double_intermediate,1,plan+SOCS+FI+output_formation
197,15672854,15.6729,double_intermediate,1,plan+SOCS+FI+output_formation
198,15629170,15.6292,double_intermediate,1,plan+SOCS+FI+output_formation
199,15606124,15.6061,double_intermediate,1,plan+SOCS+FI+output_formation
200,15517853,15.5179,double_intermediate,1,plan+SOCS+FI+output_formation
201,15534685,15.5347,double_intermediate,1,plan+SOCS+FI+output_formation
202,15663697,15.6637,double_intermediate,1,plan+SOCS+FI+output_formation
203,16427542,16.4275,double_intermediate,1,plan+SOCS+FI+output_formation
204,15602898,15.6029,double_intermediate,1,plan+SOCS+FI+output_formation
205,15959972,15.96,double_intermediate,1,plan+SOCS+FI+output_formation
206,16167902,16.1679,double_intermediate,1,plan+SOCS+FI+output_formation
207,15460036,15.46,double_intermediate,1,plan+SOCS+FI+output_formation
208,15717971,15.718,double_intermediate,1,plan+SOCS+FI+output_formation
209,15481357,15.4814,double_intermediate,1,plan+SOCS+FI+output_formation
210,15501096,15.5011,double_intermediate,1,plan+SOCS+FI+output_formation
211,15519629,15.5196,double_intermediate,1,plan+SOCS+FI+output_formation
212,15554702,15.5547,double_intermediate,1,plan+SOCS+FI+output_formation
213,15478407,15.4784,double_intermediate,1,plan+SOCS+FI+output_formation
214,15557332,15.5573,double_intermediate,1,plan+SOCS+FI+output_formation
215,15626976,15.627,double_intermediate,1,plan+SOCS+FI+output_formation
216,15518360,15.5184,double_intermediate,1,plan+SOCS+FI+output_formation
217,15526744,15.5267,double_intermediate,1,plan+SOCS+FI+output_formation
218,15610346,15.6103,double_intermediate,1,plan+SOCS+FI+output_formation
219,15529668,15.5297,double_intermediate,1,plan+SOCS+FI+output_formation
220,15482725,15.4827,double_intermediate,1,plan+SOCS+FI+output_formation
221,15570723,15.5707,double_intermediate,1,plan+SOCS+FI+output_formation
222,15495139,15.4951,double_intermediate,1,plan+SOCS+FI+output_formation
223,15496886,15.4969,double_intermediate,1,plan+SOCS+FI+output_formation
224,15506458,15.5065,double_intermediate,1,plan+SOCS+FI+output_formation
225,15452440,15.4524,double_intermediate,1,plan+SOCS+FI+output_formation
226,15539527,15.5395,double_intermediate,1,plan+SOCS+FI+output_formation
227,15506115,15.5061,double_intermediate,1,plan+SOCS+FI+output_formation
228,15517788,15.5178,double_intermediate,1,plan+SOCS+FI+output_formation
229,15447010,15.447,double_intermediate,1,plan+SOCS+FI+output_formation
230,15757465,15.7575,double_intermediate,1,plan+SOCS+FI+output_formation
231,15474656,15.4747,double_intermediate,1,plan+SOCS+FI+output_formation
232,15552248,15.5522,double_intermediate,1,plan+SOCS+FI+output_formation
233,15461055,15.4611,double_intermediate,1,plan+SOCS+FI+output_formation
234,15765622,15.7656,double_intermediate,1,plan+SOCS+FI+output_formation
235,16072019,16.072,double_intermediate,1,plan+SOCS+FI+output_formation
236,15482703,15.4827,double_intermediate,1,plan+SOCS+FI+output_formation
237,15468560,15.4686,double_intermediate,1,plan+SOCS+FI+output_formation
238,17853063,17.8531,double_intermediate,1,plan+SOCS+FI+output_formation
239,15520802,15.5208,double_intermediate,1,plan+SOCS+FI+output_formation
240,15504556,15.5046,double_intermediate,1,plan+SOCS+FI+output_formation
241,15516230,15.5162,double_intermediate,1,plan+SOCS+FI+output_formation
242,15558548,15.5585,double_intermediate,1,plan+SOCS+FI+output_formation
243,15509520,15.5095,double_intermediate,1,plan+SOCS+FI+output_formation
244,15577634,15.5776,double_intermediate,1,plan+SOCS+FI+output_formation
245,15512792,15.5128,double_intermediate,1,plan+SOCS+FI+output_formation
246,15561290,15.5613,double_intermediate,1,plan+SOCS+FI+output_formation
247,15523691,15.5237,double_intermediate,1,plan+SOCS+FI+output_formation
248,15808514,15.8085,double_intermediate,1,plan+SOCS+FI+output_formation
249,15732457,15.7325,double_intermediate,1,plan+SOCS+FI+output_formation
250,15540353,15.5404,double_intermediate,1,plan+SOCS+FI+output_formation
251,15491132,15.4911,double_intermediate,1,plan+SOCS+FI+output_formation
252,15475753,15.4758,double_intermediate,1,plan+SOCS+FI+output_formation
253,15698639,15.6986,double_intermediate,1,plan+SOCS+FI+output_formation
254,15502203,15.5022,double_intermediate,1,plan+SOCS+FI+output_formation
255,15498525,15.4985,double_intermediate,1,plan+SOCS+FI+output_formation
256,15560445,15.5604,double_intermediate,1,plan+SOCS+FI+output_formation
257,15523194,15.5232,double_intermediate,1,plan+SOCS+FI+output_formation
258,15494945,15.4949,double_intermediate,1,plan+SOCS+FI+output_formation
259,15614088,15.6141,double_intermediate,1,plan+SOCS+FI+output_formation
260,15549084,15.5491,double_intermediate,1,plan+SOCS+FI+output_formation
261,15779160,15.7792,double_intermediate,1,plan+SOCS+FI+output_formation
262,15687731,15.6877,double_intermediate,1,plan+SOCS+FI+output_formation
263,15606614,15.6066,double_intermediate,1,plan+SOCS+FI+output_formation
264,15491561,15.4916,double_intermediate,1,plan+SOCS+FI+output_formation
265,15511238,15.5112,double_intermediate,1,plan+SOCS+FI+output_formation
266,15571447,15.5714,double_intermediate,1,plan+SOCS+FI+output_formation
267,18598972,18.599,double_intermediate,1,plan+SOCS+FI+output_formation
268,18878051,18.8781,double_intermediate,1,plan+SOCS+FI+output_formation
269,20962355,20.9624,double_intermediate,1,plan+SOCS+FI+output_formation
270,16038588,16.0386,double_intermediate,1,plan+SOCS+FI+output_formation
271,15560860,15.5609,double_intermediate,1,plan+SOCS+FI+output_formation
272,15608206,15.6082,double_intermediate,1,plan+SOCS+FI+output_formation
273,15570704,15.5707,double_intermediate,1,plan+SOCS+FI+output_formation
274,15590099,15.5901,double_intermediate,1,plan+SOCS+FI+output_formation
275,15569152,15.5692,double_intermediate,1,plan+SOCS+FI+output_formation
276,15459583,15.4596,double_intermediate,1,plan+SOCS+FI+output_formation
277,15474116,15.4741,double_intermediate,1,plan+SOCS+FI+output_formation
278,15555325,15.5553,double_intermediate,1,plan+SOCS+FI+output_formation
279,15522010,15.522,double_intermediate,1,plan+SOCS+FI+output_formation
280,15491101,15.4911,double_intermediate,1,plan+SOCS+FI+output_formation
281,15600695,15.6007,double_intermediate,1,plan+SOCS+FI+output_formation
282,15512007,15.512,double_intermediate,1,plan+SOCS+FI+output_formation
283,15612478,15.6125,double_intermediate,1,plan+SOCS+FI+output_formation
284,15516728,15.5167,double_intermediate,1,plan+SOCS+FI+output_formation
285,15580225,15.5802,double_intermediate,1,plan+SOCS+FI+output_formation
286,15497483,15.4975,double_intermediate,1,plan+SOCS+FI+output_formation
287,15526649,15.5266,double_intermediate,1,plan+SOCS+FI+output_formation
288,15508657,15.5087,double_intermediate,1,plan+SOCS+FI+output_formation
289,15449387,15.4494,double_intermediate,1,plan+SOCS+FI+output_formation
290,15528626,15.5286,double_intermediate,1,plan+SOCS+FI+output_formation
291,15531854,15.5319,double_intermediate,1,plan+SOCS+FI+output_formation
292,15524060,15.5241,double_intermediate,1,plan+SOCS+FI+output_formation
293,15442353,15.4424,double_intermediate,1,plan+SOCS+FI+output_formation
294,15612345,15.6123,double_intermediate,1,plan+SOCS+FI+output_formation
295,15504341,15.5043,double_intermediate,1,plan+SOCS+FI+output_formation
296,15549308,15.5493,double_intermediate,1,plan+SOCS+FI+output_formation
297,15540549,15.5405,double_intermediate,1,plan+SOCS+FI+output_formation
298,15638140,15.6381,double_intermediate,1,plan+SOCS+FI+output_formation
299,15597308,15.5973,double_intermediate,1,plan+SOCS+FI+output_formation
300,15493104,15.4931,double_intermediate,1,plan+SOCS+FI+output_formation
301,17870751,17.8708,double_intermediate,1,plan+SOCS+FI+output_formation
302,16001752,16.0018,double_intermediate,1,plan+SOCS+FI+output_formation
303,15808197,15.8082,double_intermediate,1,plan+SOCS+FI+output_formation
304,15583414,15.5834,double_intermediate,1,plan+SOCS+FI+output_formation
305,15516585,15.5166,double_intermediate,1,plan+SOCS+FI+output_formation
306,15528731,15.5287,double_intermediate,1,plan+SOCS+FI+output_formation
307,15570229,15.5702,double_intermediate,1,plan+SOCS+FI+output_formation
308,15548809,15.5488,double_intermediate,1,plan+SOCS+FI+output_formation
309,15497011,15.497,double_intermediate,1,plan+SOCS+FI+output_formation
310,15561817,15.5618,double_intermediate,1,plan+SOCS+FI+output_formation
311,15667327,15.6673,double_intermediate,1,plan+SOCS+FI+output_formation
312,16105802,16.1058,double_intermediate,1,plan+SOCS+FI+output_formation
313,15564809,15.5648,double_intermediate,1,plan+SOCS+FI+output_formation
314,15592488,15.5925,double_intermediate,1,plan+SOCS+FI+output_formation
315,15496540,15.4965,double_intermediate,1,plan+SOCS+FI+output_formation
316,15623209,15.6232,double_intermediate,1,plan+SOCS+FI+output_formation
317,15622351,15.6224,double_intermediate,1,plan+SOCS+FI+output_formation
318,15496561,15.4966,double_intermediate,1,plan+SOCS+FI+output_formation
319,15548390,15.5484,double_intermediate,1,plan+SOCS+FI+output_formation
320,15571696,15.5717,double_intermediate,1,plan+SOCS+FI+output_formation
321,15512072,15.5121,double_intermediate,1,plan+SOCS+FI+output_formation
322,15582730,15.5827,double_intermediate,1,plan+SOCS+FI+output_formation
323,15538787,15.5388,double_intermediate,1,plan+SOCS+FI+output_formation
324,15686380,15.6864,double_intermediate,1,plan+SOCS+FI+output_formation
325,15554501,15.5545,double_intermediate,1,plan+SOCS+FI+output_formation
326,15833991,15.834,double_intermediate,1,plan+SOCS+FI+output_formation
327,15507028,15.507,double_intermediate,1,plan+SOCS+FI+output_formation
328,15560453,15.5605,double_intermediate,1,plan+SOCS+FI+output_formation
329,15493025,15.493,double_intermediate,1,plan+SOCS+FI+output_formation
330,15532205,15.5322,double_intermediate,1,plan+SOCS+FI+output_formation
331,15775942,15.7759,double_intermediate,1,plan+SOCS+FI+output_formation
332,18604487,18.6045,double_intermediate,1,plan+SOCS+FI+output_formation
333,18841029,18.841,double_intermediate,1,plan+SOCS+FI+output_formation
334,15498353,15.4984,double_intermediate,1,plan+SOCS+FI+output_formation
335,15629842,15.6298,double_intermediate,1,plan+SOCS+FI+output_formation
336,15556878,15.5569,double_intermediate,1,plan+SOCS+FI+output_formation
337,15589932,15.5899,double_intermediate,1,plan+SOCS+FI+output_formation
338,15575384,15.5754,double_intermediate,1,plan+SOCS+FI+output_formation
339,15530272,15.5303,double_intermediate,1,plan+SOCS+FI+output_formation
340,15508305,15.5083,double_intermediate,1,plan+SOCS+FI+output_formation
341,15501146,15.5011,double_intermediate,1,plan+SOCS+FI+output_formation
342,15556366,15.5564,double_intermediate,1,plan+SOCS+FI+output_formation
343,15744669,15.7447,double_intermediate,1,plan+SOCS+FI+output_formation
344,15561695,15.5617,double_intermediate,1,plan+SOCS+FI+output_formation
345,15571239,15.5712,double_intermediate,1,plan+SOCS+FI+output_formation
346,15508313,15.5083,double_intermediate,1,plan+SOCS+FI+output_formation
347,15707857,15.7079,double_intermediate,1,plan+SOCS+FI+output_formation
348,15595673,15.5957,double_intermediate,1,plan+SOCS+FI+output_formation
349,15529835,15.5298,double_intermediate,1,plan+SOCS+FI+output_formation
350,15533052,15.5331,double_intermediate,1,plan+SOCS+FI+output_formation
351,15553150,15.5532,double_intermediate,1,plan+SOCS+FI+output_formation
352,15512840,15.5128,double_intermediate,1,plan+SOCS+FI+output_formation
353,15496346,15.4963,double_intermediate,1,plan+SOCS+FI+output_formation
354,15557789,15.5578,double_intermediate,1,plan+SOCS+FI+output_formation
355,15528783,15.5288,double_intermediate,1,plan+SOCS+FI+output_formation
356,15495773,15.4958,double_intermediate,1,plan+SOCS+FI+output_formation
357,15553245,15.5532,double_intermediate,1,plan+SOCS+FI+output_formation
358,15503526,15.5035,double_intermediate,1,plan+SOCS+FI+output_formation
359,15449712,15.4497,double_intermediate,1,plan+SOCS+FI+output_formation
360,15536461,15.5365,double_intermediate,1,plan+SOCS+FI+output_formation
361,15494291,15.4943,double_intermediate,1,plan+SOCS+FI+output_formation
362,15545091,15.5451,double_intermediate,1,plan+SOCS+FI+output_formation
363,15460683,15.4607,double_intermediate,1,plan+SOCS+FI+output_formation
364,15559207,15.5592,double_intermediate,1,plan+SOCS+FI+output_formation
365,21092018,21.092,double_intermediate,1,plan+SOCS+FI+output_formation
366,20764308,20.7643,double_intermediate,1,plan+SOCS+FI+output_formation
367,21416875,21.4169,double_intermediate,1,plan+SOCS+FI+output_formation
368,21506736,21.5067,double_intermediate,1,plan+SOCS+FI+output_formation
369,21683177,21.6832,double_intermediate,1,plan+SOCS+FI+output_formation
370,22783221,22.7832,double_intermediate,1,plan+SOCS+FI+output_formation
371,18720224,18.7202,double_intermediate,1,plan+SOCS+FI+output_formation
372,17138827,17.1388,double_intermediate,1,plan+SOCS+FI+output_formation
373,17086908,17.0869,double_intermediate,1,plan+SOCS+FI+output_formation
374,17181998,17.182,double_intermediate,1,plan+SOCS+FI+output_formation
375,18277332,18.2773,double_intermediate,1,plan+SOCS+FI+output_formation
376,16557480,16.5575,double_intermediate,1,plan+SOCS+FI+output_formation
377,15620425,15.6204,double_intermediate,1,plan+SOCS+FI+output_formation
378,15586824,15.5868,double_intermediate,1,plan+SOCS+FI+output_formation
379,15531502,15.5315,double_intermediate,1,plan+SOCS+FI+output_formation
380,15714576,15.7146,double_intermediate,1,plan+SOCS+FI+output_formation
381,15572369,15.5724,double_intermediate,1,plan+SOCS+FI+output_formation
382,15679847,15.6798,double_intermediate,1,plan+SOCS+FI+output_formation
383,15607874,15.6079,double_intermediate,1,plan+SOCS+FI+output_formation
384,15607960,15.608,double_intermediate,1,plan+SOCS+FI+output_formation
385,15677033,15.677,double_intermediate,1,plan+SOCS+FI+output_formation
386,15627296,15.6273,double_intermediate,1,plan+SOCS+FI+output_formation
387,15612638,15.6126,double_intermediate,1,plan+SOCS+FI+output_formation
388,15518886,15.5189,double_intermediate,1,plan+SOCS+FI+output_formation
389,15477190,15.4772,double_intermediate,1,plan+SOCS+FI+output_formation
390,15629378,15.6294,double_intermediate,1,plan+SOCS+FI+output_formation
391,16197193,16.1972,double_intermediate,1,plan+SOCS+FI+output_formation
392,15742673,15.7427,double_intermediate,1,plan+SOCS+FI+output_formation
393,20194325,20.1943,double_intermediate,1,plan+SOCS+FI+output_formation
394,16805665,16.8057,double_intermediate,1,plan+SOCS+FI+output_formation
395,15467310,15.4673,double_intermediate,1,plan+SOCS+FI+output_formation
396,15625682,15.6257,double_intermediate,1,plan+SOCS+FI+output_formation
397,15540335,15.5403,double_intermediate,1,plan+SOCS+FI+output_formation
398,15511669,15.5117,double_intermediate,1,plan+SOCS+FI+output_formation
399,15581080,15.5811,double_intermediate,1,plan+SOCS+FI+output_formation
400,15511056,15.5111,double_intermediate,1,plan+SOCS+FI+output_formation
401,15557461,15.5575,double_intermediate,1,plan+SOCS+FI+output_formation
402,15497831,15.4978,double_intermediate,1,plan+SOCS+FI+output_formation
403,15569272,15.5693,double_intermediate,1,plan+SOCS+FI+output_formation
404,15464828,15.4648,double_intermediate,1,plan+SOCS+FI+output_formation
405,15660677,15.6607,double_intermediate,1,plan+SOCS+FI+output_formation
406,15676267,15.6763,double_intermediate,1,plan+SOCS+FI+output_formation
407,15454696,15.4547,double_intermediate,1,plan+SOCS+FI+output_formation
408,15535503,15.5355,double_intermediate,1,plan+SOCS+FI+output_formation
409,15562713,15.5627,double_intermediate,1,plan+SOCS+FI+output_formation
410,15514729,15.5147,double_intermediate,1,plan+SOCS+FI+output_formation
411,15442643,15.4426,double_intermediate,1,plan+SOCS+FI+output_formation
412,15569840,15.5698,double_intermediate,1,plan+SOCS+FI+output_formation
413,15467118,15.4671,double_intermediate,1,plan+SOCS+FI+output_formation
414,15511696,15.5117,double_intermediate,1,plan+SOCS+FI+output_formation
415,15579272,15.5793,double_intermediate,1,plan+SOCS+FI+output_formation
416,15540420,15.5404,double_intermediate,1,plan+SOCS+FI+output_formation
417,15558204,15.5582,double_intermediate,1,plan+SOCS+FI+output_formation
418,15548811,15.5488,double_intermediate,1,plan+SOCS+FI+output_formation
419,15680101,15.6801,double_intermediate,1,plan+SOCS+FI+output_formation
420,15486262,15.4863,double_intermediate,1,plan+SOCS+FI+output_formation
421,15529912,15.5299,double_intermediate,1,plan+SOCS+FI+output_formation
422,15540729,15.5407,double_intermediate,1,plan+SOCS+FI+output_formation
423,15529317,15.5293,double_intermediate,1,plan+SOCS+FI+output_formation
424,15507577,15.5076,double_intermediate,1,plan+SOCS+FI+output_formation
425,16488691,16.4887,double_intermediate,1,plan+SOCS+FI+output_formation
426,17286342,17.2863,double_intermediate,1,plan+SOCS+FI+output_formation
427,15557867,15.5579,double_intermediate,1,plan+SOCS+FI+output_formation
428,15522686,15.5227,double_intermediate,1,plan+SOCS+FI+output_formation
429,15496925,15.4969,double_intermediate,1,plan+SOCS+FI+output_formation
430,15490231,15.4902,double_intermediate,1,plan+SOCS+FI+output_formation
431,15780122,15.7801,double_intermediate,1,plan+SOCS+FI+output_formation
432,15594286,15.5943,double_intermediate,1,plan+SOCS+FI+output_formation
433,15524505,15.5245,double_intermediate,1,plan+SOCS+FI+output_formation
434,15534945,15.5349,double_intermediate,1,plan+SOCS+FI+output_formation
435,15504521,15.5045,double_intermediate,1,plan+SOCS+FI+output_formation
436,15647676,15.6477,double_intermediate,1,plan+SOCS+FI+output_formation
437,16195818,16.1958,double_intermediate,1,plan+SOCS+FI+output_formation
438,15563182,15.5632,double_intermediate,1,plan+SOCS+FI+output_formation
439,15482599,15.4826,double_intermediate,1,plan+SOCS+FI+output_formation
440,15658412,15.6584,double_intermediate,1,plan+SOCS+FI+output_formation
441,15594190,15.5942,double_intermediate,1,plan+SOCS+FI+output_formation
442,15484929,15.4849,double_intermediate,1,plan+SOCS+FI+output_formation
443,15451550,15.4515,double_intermediate,1,plan+SOCS+FI+output_formation
444,15585856,15.5859,double_intermediate,1,plan+SOCS+FI+output_formation
445,15472359,15.4724,double_intermediate,1,plan+SOCS+FI+output_formation
446,15587225,15.5872,double_intermediate,1,plan+SOCS+FI+output_formation
447,15522759,15.5228,double_intermediate,1,plan+SOCS+FI+output_formation
448,15602980,15.603,double_intermediate,1,plan+SOCS+FI+output_formation
449,15537008,15.537,double_intermediate,1,plan+SOCS+FI+output_formation
450,15494986,15.495,double_intermediate,1,plan+SOCS+FI+output_formation
451,15765152,15.7652,double_intermediate,1,plan+SOCS+FI+output_formation
452,15621795,15.6218,double_intermediate,1,plan+SOCS+FI+output_formation
453,15630526,15.6305,double_intermediate,1,plan+SOCS+FI+output_formation
454,15564328,15.5643,double_intermediate,1,plan+SOCS+FI+output_formation
455,15554804,15.5548,double_intermediate,1,plan+SOCS+FI+output_formation
456,16078465,16.0785,double_intermediate,1,plan+SOCS+FI+output_formation
457,20959841,20.9598,double_intermediate,1,plan+SOCS+FI+output_formation
458,15970301,15.9703,double_intermediate,1,plan+SOCS+FI+output_formation
459,15630432,15.6304,double_intermediate,1,plan+SOCS+FI+output_formation
460,15639641,15.6396,double_intermediate,1,plan+SOCS+FI+output_formation
461,15515747,15.5157,double_intermediate,1,plan+SOCS+FI+output_formation
462,15545445,15.5454,double_intermediate,1,plan+SOCS+FI+output_formation
463,15661408,15.6614,double_intermediate,1,plan+SOCS+FI+output_formation
464,15532488,15.5325,double_intermediate,1,plan+SOCS+FI+output_formation
465,15542954,15.543,double_intermediate,1,plan+SOCS+FI+output_formation
466,15562716,15.5627,double_intermediate,1,plan+SOCS+FI+output_formation
467,15505035,15.505,double_intermediate,1,plan+SOCS+FI+output_formation
468,15582404,15.5824,double_intermediate,1,plan+SOCS+FI+output_formation
469,15542996,15.543,double_intermediate,1,plan+SOCS+FI+output_formation
470,15649303,15.6493,double_intermediate,1,plan+SOCS+FI+output_formation
471,15421544,15.4215,double_intermediate,1,plan+SOCS+FI+output_formation
472,16382671,16.3827,double_intermediate,1,plan+SOCS+FI+output_formation
473,15700616,15.7006,double_intermediate,1,plan+SOCS+FI+output_formation
474,15513770,15.5138,double_intermediate,1,plan+SOCS+FI+output_formation
475,15528472,15.5285,double_intermediate,1,plan+SOCS+FI+output_formation
476,15520355,15.5204,double_intermediate,1,plan+SOCS+FI+output_formation
477,15490984,15.491,double_intermediate,1,plan+SOCS+FI+output_formation
478,15542014,15.542,double_intermediate,1,plan+SOCS+FI+output_formation
479,15565317,15.5653,double_intermediate,1,plan+SOCS+FI+output_formation
480,15525546,15.5255,double_intermediate,1,plan+SOCS+FI+output_formation
481,15481806,15.4818,double_intermediate,1,plan+SOCS+FI+output_formation
482,15566112,15.5661,double_intermediate,1,plan+SOCS+FI+output_formation
483,15444883,15.4449,double_intermediate,1,plan+SOCS+FI+output_formation
484,15559638,15.5596,double_intermediate,1,plan+SOCS+FI+output_formation
485,15468661,15.4687,double_intermediate,1,plan+SOCS+FI+output_formation
486,15509769,15.5098,double_intermediate,1,plan+SOCS+FI+output_formation
487,15558467,15.5585,double_intermediate,1,plan+SOCS+FI+output_formation
488,15570310,15.5703,double_intermediate,1,plan+SOCS+FI+output_formation
489,18113517,18.1135,double_intermediate,1,plan+SOCS+FI+output_formation
490,18299693,18.2997,double_intermediate,1,plan+SOCS+FI+output_formation
491,15740306,15.7403,double_intermediate,1,plan+SOCS+FI+output_formation
492,15510584,15.5106,double_intermediate,1,plan+SOCS+FI+output_formation
493,15548228,15.5482,double_intermediate,1,plan+SOCS+FI+output_formation
494,15575479,15.5755,double_intermediate,1,plan+SOCS+FI+output_formation
495,15527007,15.527,double_intermediate,1,plan+SOCS+FI+output_formation
496,15477014,15.477,double_intermediate,1,plan+SOCS+FI+output_formation
497,15505410,15.5054,double_intermediate,1,plan+SOCS+FI+output_formation
498,15486846,15.4868,double_intermediate,1,plan+SOCS+FI+output_formation
499,15710302,15.7103,double_intermediate,1,plan+SOCS+FI+output_formation
500,15784783,15.7848,double_intermediate,1,plan+SOCS+FI+output_formation
501,15568961,15.569,double_intermediate,1,plan+SOCS+FI+output_formation
502,15528002,15.528,double_intermediate,1,plan+SOCS+FI+output_formation
503,15476739,15.4767,double_intermediate,1,plan+SOCS+FI+output_formation
504,15584625,15.5846,double_intermediate,1,plan+SOCS+FI+output_formation
505,15588879,15.5889,double_intermediate,1,plan+SOCS+FI+output_formation
506,15512010,15.512,double_intermediate,1,plan+SOCS+FI+output_formation
507,15567342,15.5673,double_intermediate,1,plan+SOCS+FI+output_formation
508,15548137,15.5481,double_intermediate,1,plan+SOCS+FI+output_formation
509,15498644,15.4986,double_intermediate,1,plan+SOCS+FI+output_formation
510,15596880,15.5969,double_intermediate,1,plan+SOCS+FI+output_formation
511,15565419,15.5654,double_intermediate,1,plan+SOCS+FI+output_formation
512,15673347,15.6733,double_intermediate,1,plan+SOCS+FI+output_formation
513,15570200,15.5702,double_intermediate,1,plan+SOCS+FI+output_formation
514,15640479,15.6405,double_intermediate,1,plan+SOCS+FI+output_formation
515,15517482,15.5175,double_intermediate,1,plan+SOCS+FI+output_formation
516,15502702,15.5027,double_intermediate,1,plan+SOCS+FI+output_formation
517,15589608,15.5896,double_intermediate,1,plan+SOCS+FI+output_formation
518,15500911,15.5009,double_intermediate,1,plan+SOCS+FI+output_formation
519,15540727,15.5407,double_intermediate,1,plan+SOCS+FI+output_formation
520,19548524,19.5485,double_intermediate,1,plan+SOCS+FI+output_formation
521,15909033,15.909,double_intermediate,1,plan+SOCS+FI+output_formation
522,15486957,15.487,double_intermediate,1,plan+SOCS+FI+output_formation
523,15979482,15.9795,double_intermediate,1,plan+SOCS+FI+output_formation
524,15499965,15.5,double_intermediate,1,plan+SOCS+FI+output_formation
525,15537982,15.538,double_intermediate,1,plan+SOCS+FI+output_formation
526,15529935,15.5299,double_intermediate,1,plan+SOCS+FI+output_formation
527,15494640,15.4946,double_intermediate,1,plan+SOCS+FI+output_formation
528,15504589,15.5046,double_intermediate,1,plan+SOCS+FI+output_formation
529,15511784,15.5118,double_intermediate,1,plan+SOCS+FI+output_formation
530,15536245,15.5362,double_intermediate,1,plan+SOCS+FI+output_formation
531,15469407,15.4694,double_intermediate,1,plan+SOCS+FI+output_formation
532,15530307,15.5303,double_intermediate,1,plan+SOCS+FI+output_formation
533,15565690,15.5657,double_intermediate,1,plan+SOCS+FI+output_formation
534,15459432,15.4594,double_intermediate,1,plan+SOCS+FI+output_formation
535,15511833,15.5118,double_intermediate,1,plan+SOCS+FI+output_formation
536,15538236,15.5382,double_intermediate,1,plan+SOCS+FI+output_formation
537,15517521,15.5175,double_intermediate,1,plan+SOCS+FI+output_formation
538,15511775,15.5118,double_intermediate,1,plan+SOCS+FI+output_formation
539,15489331,15.4893,double_intermediate,1,plan+SOCS+FI+output_formation
540,15482633,15.4826,double_intermediate,1,plan+SOCS+FI+output_formation
541,15497096,15.4971,double_intermediate,1,plan+SOCS+FI+output_formation
542,15511897,15.5119,double_intermediate,1,plan+SOCS+FI+output_formation
543,15502728,15.5027,double_intermediate,1,plan+SOCS+FI+output_formation
544,15473896,15.4739,double_intermediate,1,plan+SOCS+FI+output_formation
545,15561853,15.5619,double_intermediate,1,plan+SOCS+FI+output_formation
546,15557285,15.5573,double_intermediate,1,plan+SOCS+FI+output_formation
547,15532241,15.5322,double_intermediate,1,plan+SOCS+FI+output_formation
548,15557143,15.5571,double_intermediate,1,plan+SOCS+FI+output_formation
549,15529113,15.5291,double_intermediate,1,plan+SOCS+FI+output_formation
550,15517313,15.5173,double_intermediate,1,plan+SOCS+FI+output_formation
551,15532416,15.5324,double_intermediate,1,plan+SOCS+FI+output_formation
552,15508439,15.5084,double_intermediate,1,plan+SOCS+FI+output_formation
553,17835336,17.8353,double_intermediate,1,plan+SOCS+FI+output_formation
554,15540128,15.5401,double_intermediate,1,plan+SOCS+FI+output_formation
555,15486889,15.4869,double_intermediate,1,plan+SOCS+FI+output_formation
556,15528400,15.5284,double_intermediate,1,plan+SOCS+FI+output_formation
557,15549601,15.5496,double_intermediate,1,plan+SOCS+FI+output_formation
558,15532955,15.533,double_intermediate,1,plan+SOCS+FI+output_formation
559,15751552,15.7516,double_intermediate,1,plan+SOCS+FI+output_formation
560,15475254,15.4753,double_intermediate,1,plan+SOCS+FI+output_formation
561,15549962,15.55,double_intermediate,1,plan+SOCS+FI+output_formation
562,15637249,15.6372,double_intermediate,1,plan+SOCS+FI+output_formation
563,15655067,15.6551,double_intermediate,1,plan+SOCS+FI+output_formation
564,15743304,15.7433,double_intermediate,1,plan+SOCS+FI+output_formation
565,15634658,15.6347,double_intermediate,1,plan+SOCS+FI+output_formation
566,15531416,15.5314,double_intermediate,1,plan+SOCS+FI+output_formation
567,15577778,15.5778,double_intermediate,1,plan+SOCS+FI+output_formation
568,15661578,15.6616,double_intermediate,1,plan+SOCS+FI+output_formation
569,15736068,15.7361,double_intermediate,1,plan+SOCS+FI+output_formation
570,15532049,15.532,double_intermediate,1,plan+SOCS+FI+output_formation
571,15566356,15.5664,double_intermediate,1,plan+SOCS+FI+output_formation
572,15620365,15.6204,double_intermediate,1,plan+SOCS+FI+output_formation
573,15582541,15.5825,double_intermediate,1,plan+SOCS+FI+output_formation
574,15815716,15.8157,double_intermediate,1,plan+SOCS+FI+output_formation
575,15576560,15.5766,double_intermediate,1,plan+SOCS+FI+output_formation
576,15605814,15.6058,double_intermediate,1,plan+SOCS+FI+output_formation
577,15574704,15.5747,double_intermediate,1,plan+SOCS+FI+output_formation
578,15628405,15.6284,double_intermediate,1,plan+SOCS+FI+output_formation
579,15811430,15.8114,double_intermediate,1,plan+SOCS+FI+output_formation
580,15500796,15.5008,double_intermediate,1,plan+SOCS+FI+output_formation
581,15593509,15.5935,double_intermediate,1,plan+SOCS+FI+output_formation
582,15487957,15.488,double_intermediate,1,plan+SOCS+FI+output_formation
583,15477472,15.4775,double_intermediate,1,plan+SOCS+FI+output_formation
584,16558932,16.5589,double_intermediate,1,plan+SOCS+FI+output_formation
585,16907700,16.9077,double_intermediate,1,plan+SOCS+FI+output_formation
586,15482595,15.4826,double_intermediate,1,plan+SOCS+FI+output_formation
587,15568097,15.5681,double_intermediate,1,plan+SOCS+FI+output_formation
588,15499049,15.499,double_intermediate,1,plan+SOCS+FI+output_formation
589,15527510,15.5275,double_intermediate,1,plan+SOCS+FI+output_formation
590,15534192,15.5342,double_intermediate,1,plan+SOCS+FI+output_formation
591,15518830,15.5188,double_intermediate,1,plan+SOCS+FI+output_formation
592,15464100,15.4641,double_intermediate,1,plan+SOCS+FI+output_formation
593,15575848,15.5758,double_intermediate,1,plan+SOCS+FI+output_formation
594,15457323,15.4573,double_intermediate,1,plan+SOCS+FI+output_formation
595,15472615,15.4726,double_intermediate,1,plan+SOCS+FI+output_formation
596,15559793,15.5598,double_intermediate,1,plan+SOCS+FI+output_formation
597,15571297,15.5713,double_intermediate,1,plan+SOCS+FI+output_formation
598,15495084,15.4951,double_intermediate,1,plan+SOCS+FI+output_formation
599,15476666,15.4767,double_intermediate,1,plan+SOCS+FI+output_formation
600,15545139,15.5451,double_intermediate,1,plan+SOCS+FI+output_formation
601,15534031,15.534,double_intermediate,1,plan+SOCS+FI+output_formation
602,15477049,15.477,double_intermediate,1,plan+SOCS+FI+output_formation
603,15505212,15.5052,double_intermediate,1,plan+SOCS+FI+output_formation
604,15494407,15.4944,double_intermediate,1,plan+SOCS+FI+output_formation
605,15513416,15.5134,double_intermediate,1,plan+SOCS+FI+output_formation
606,15505577,15.5056,double_intermediate,1,plan+SOCS+FI+output_formation
607,15504726,15.5047,double_intermediate,1,plan+SOCS+FI+output_formation
608,15516207,15.5162,double_intermediate,1,plan+SOCS+FI+output_formation
609,15483274,15.4833,double_intermediate,1,plan+SOCS+FI+output_formation
610,15554615,15.5546,double_intermediate,1,plan+SOCS+FI+output_formation
611,15524017,15.524,double_intermediate,1,plan+SOCS+FI+output_formation
612,15511544,15.5115,double_intermediate,1,plan+SOCS+FI+output_formation
613,15493270,15.4933,double_intermediate,1,plan+SOCS+FI+output_formation
614,15543014,15.543,double_intermediate,1,plan+SOCS+FI+output_formation
615,15435471,15.4355,double_intermediate,1,plan+SOCS+FI+output_formation
616,15607101,15.6071,double_intermediate,1,plan+SOCS+FI+output_formation
617,17731136,17.7311,double_intermediate,1,plan+SOCS+FI+output_formation
618,15484168,15.4842,double_intermediate,1,plan+SOCS+FI+output_formation
619,15490673,15.4907,double_intermediate,1,plan+SOCS+FI+output_formation
620,15490814,15.4908,double_intermediate,1,plan+SOCS+FI+output_formation
621,15528738,15.5287,double_intermediate,1,plan+SOCS+FI+output_formation
622,15608865,15.6089,double_intermediate,1,plan+SOCS+FI+output_formation
623,15478156,15.4782,double_intermediate,1,plan+SOCS+FI+output_formation
624,15458034,15.458,double_intermediate,1,plan+SOCS+FI+output_formation
625,15566319,15.5663,double_intermediate,1,plan+SOCS+FI+output_formation
626,15469196,15.4692,double_intermediate,1,plan+SOCS+FI+output_formation
627,15606012,15.606,double_intermediate,1,plan+SOCS+FI+output_formation
628,18050079,18.0501,double_intermediate,1,plan+SOCS+FI+output_formation
629,15559265,15.5593,double_intermediate,1,plan+SOCS+FI+output_formation
630,15492371,15.4924,double_intermediate,1,plan+SOCS+FI+output_formation
631,15680446,15.6804,double_intermediate,1,plan+SOCS+FI+output_formation
632,15624703,15.6247,double_intermediate,1,plan+SOCS+FI+output_formation
633,15504222,15.5042,double_intermediate,1,plan+SOCS+FI+output_formation
634,15475443,15.4754,double_intermediate,1,plan+SOCS+FI+output_formation
635,15583508,15.5835,double_intermediate,1,plan+SOCS+FI+output_formation
636,15518147,15.5181,double_intermediate,1,plan+SOCS+FI+output_formation
637,15554380,15.5544,double_intermediate,1,plan+SOCS+FI+output_formation
638,15562295,15.5623,double_intermediate,1,plan+SOCS+FI+output_formation
639,15518209,15.5182,double_intermediate,1,plan+SOCS+FI+output_formation
640,15634435,15.6344,double_intermediate,1,plan+SOCS+FI+output_formation
641,15474749,15.4747,double_intermediate,1,plan+SOCS+FI+output_formation
642,15591146,15.5911,double_intermediate,1,plan+SOCS+FI+output_formation
643,15475043,15.475,double_intermediate,1,plan+SOCS+FI+output_formation
644,15498567,15.4986,double_intermediate,1,plan+SOCS+FI+output_formation
645,15536959,15.537,double_intermediate,1,plan+SOCS+FI+output_formation
646,15651946,15.6519,double_intermediate,1,plan+SOCS+FI+output_formation
647,15678593,15.6786,double_intermediate,1,plan+SOCS+FI+output_formation
648,16693567,16.6936,double_intermediate,1,plan+SOCS+FI+output_formation
649,16639536,16.6395,double_intermediate,1,plan+SOCS+FI+output_formation
650,15478798,15.4788,double_intermediate,1,plan+SOCS+FI+output_formation
651,15557871,15.5579,double_intermediate,1,plan+SOCS+FI+output_formation
652,15605457,15.6055,double_intermediate,1,plan+SOCS+FI+output_formation
653,15466980,15.467,double_intermediate,1,plan+SOCS+FI+output_formation
654,15582934,15.5829,double_intermediate,1,plan+SOCS+FI+output_formation
655,15535945,15.5359,double_intermediate,1,plan+SOCS+FI+output_formation
656,15526313,15.5263,double_intermediate,1,plan+SOCS+FI+output_formation
657,15568254,15.5683,double_intermediate,1,plan+SOCS+FI+output_formation
658,15484229,15.4842,double_intermediate,1,plan+SOCS+FI+output_formation
659,15480949,15.4809,double_intermediate,1,plan+SOCS+FI+output_formation
660,15509495,15.5095,double_intermediate,1,plan+SOCS+FI+output_formation
661,15632263,15.6323,double_intermediate,1,plan+SOCS+FI+output_formation
662,15529736,15.5297,double_intermediate,1,plan+SOCS+FI+output_formation
663,15461857,15.4619,double_intermediate,1,plan+SOCS+FI+output_formation
664,15586382,15.5864,double_intermediate,1,plan+SOCS+FI+output_formation
665,15526757,15.5268,double_intermediate,1,plan+SOCS+FI+output_formation
666,15497825,15.4978,double_intermediate,1,plan+SOCS+FI+output_formation
667,15508324,15.5083,double_intermediate,1,plan+SOCS+FI+output_formation
668,15499274,15.4993,double_intermediate,1,plan+SOCS+FI+output_formation
669,15455126,15.4551,double_intermediate,1,plan+SOCS+FI+output_formation
670,15492972,15.493,double_intermediate,1,plan+SOCS+FI+output_formation
671,15513428,15.5134,double_intermediate,1,plan+SOCS+FI+output_formation
672,15539495,15.5395,double_intermediate,1,plan+SOCS+FI+output_formation
673,15535074,15.5351,double_intermediate,1,plan+SOCS+FI+output_formation
674,15551388,15.5514,double_intermediate,1,plan+SOCS+FI+output_formation
675,15457324,15.4573,double_intermediate,1,plan+SOCS+FI+output_formation
676,15532656,15.5327,double_intermediate,1,plan+SOCS+FI+output_formation
677,15537133,15.5371,double_intermediate,1,plan+SOCS+FI+output_formation
678,15563178,15.5632,double_intermediate,1,plan+SOCS+FI+output_formation
679,15496656,15.4967,double_intermediate,1,plan+SOCS+FI+output_formation
680,16381026,16.381,double_intermediate,1,plan+SOCS+FI+output_formation
681,17925017,17.925,double_intermediate,1,plan+SOCS+FI+output_formation
682,15756990,15.757,double_intermediate,1,plan+SOCS+FI+output_formation
683,15561690,15.5617,double_intermediate,1,plan+SOCS+FI+output_formation
684,15570424,15.5704,double_intermediate,1,plan+SOCS+FI+output_formation
685,15717327,15.7173,double_intermediate,1,plan+SOCS+FI+output_formation
686,15968307,15.9683,double_intermediate,1,plan+SOCS+FI+output_formation
687,15486506,15.4865,double_intermediate,1,plan+SOCS+FI+output_formation
688,15483131,15.4831,double_intermediate,1,plan+SOCS+FI+output_formation
689,15588692,15.5887,double_intermediate,1,plan+SOCS+FI+output_formation
690,15692672,15.6927,double_intermediate,1,plan+SOCS+FI+output_formation
691,15989311,15.9893,double_intermediate,1,plan+SOCS+FI+output_formation
692,17075184,17.0752,double_intermediate,1,plan+SOCS+FI+output_formation
693,15549410,15.5494,double_intermediate,1,plan+SOCS+FI+output_formation
694,15520078,15.5201,double_intermediate,1,plan+SOCS+FI+output_formation
695,15628906,15.6289,double_intermediate,1,plan+SOCS+FI+output_formation
696,15711048,15.711,double_intermediate,1,plan+SOCS+FI+output_formation
697,15477282,15.4773,double_intermediate,1,plan+SOCS+FI+output_formation
698,15471305,15.4713,double_intermediate,1,plan+SOCS+FI+output_formation
699,15594195,15.5942,double_intermediate,1,plan+SOCS+FI+output_formation
700,15611040,15.611,double_intermediate,1,plan+SOCS+FI+output_formation
701,15568306,15.5683,double_intermediate,1,plan+SOCS+FI+output_formation
702,15499781,15.4998,double_intermediate,1,plan+SOCS+FI+output_formation
703,15697572,15.6976,double_intermediate,1,plan+SOCS+FI+output_formation
704,15650355,15.6504,double_intermediate,1,plan+SOCS+FI+output_formation
705,15528213,15.5282,double_intermediate,1,plan+SOCS+FI+output_formation
706,15749850,15.7499,double_intermediate,1,plan+SOCS+FI+output_formation
707,15549651,15.5497,double_intermediate,1,plan+SOCS+FI+output_formation
708,15581071,15.5811,double_intermediate,1,plan+SOCS+FI+output_formation
709,15476765,15.4768,double_intermediate,1,plan+SOCS+FI+output_formation
710,15555741,15.5557,double_intermediate,1,plan+SOCS+FI+output_formation
711,15816515,15.8165,double_intermediate,1,plan+SOCS+FI+output_formation
712,17982370,17.9824,double_intermediate,1,plan+SOCS+FI+output_formation
713,15454770,15.4548,double_intermediate,1,plan+SOCS+FI+output_formation
714,15506002,15.506,double_intermediate,1,plan+SOCS+FI+output_formation
715,15598321,15.5983,double_intermediate,1,plan+SOCS+FI+output_formation
716,15529656,15.5297,double_intermediate,1,plan+SOCS+FI+output_formation
717,15504820,15.5048,double_intermediate,1,plan+SOCS+FI+output_formation
718,15603858,15.6039,double_intermediate,1,plan+SOCS+FI+output_formation
719,15457227,15.4572,double_intermediate,1,plan+SOCS+FI+output_formation
720,15481466,15.4815,double_intermediate,1,plan+SOCS+FI+output_formation
721,15533861,15.5339,double_intermediate,1,plan+SOCS+FI+output_formation
722,15493161,15.4932,double_intermediate,1,plan+SOCS+FI+output_formation
723,15471673,15.4717,double_intermediate,1,plan+SOCS+FI+output_formation
724,15517876,15.5179,double_intermediate,1,plan+SOCS+FI+output_formation
725,15518762,15.5188,double_intermediate,1,plan+SOCS+FI+output_formation
726,15493708,15.4937,double_intermediate,1,plan+SOCS+FI+output_formation
727,15498208,15.4982,double_intermediate,1,plan+SOCS+FI+output_formation
728,15597407,15.5974,double_intermediate,1,plan+SOCS+FI+output_formation
729,15551358,15.5514,double_intermediate,1,plan+SOCS+FI+output_formation
730,15513949,15.5139,double_intermediate,1,plan+SOCS+FI+output_formation
731,15518861,15.5189,double_intermediate,1,plan+SOCS+FI+output_formation
732,15493042,15.493,double_intermediate,1,plan+SOCS+FI+output_formation
733,15472690,15.4727,double_intermediate,1,plan+SOCS+FI+output_formation
734,15533907,15.5339,double_intermediate,1,plan+SOCS+FI+output_formation
735,15519439,15.5194,double_intermediate,1,plan+SOCS+FI+output_formation
736,15488646,15.4886,double_intermediate,1,plan+SOCS+FI+output_formation
737,15539858,15.5399,double_intermediate,1,plan+SOCS+FI+output_formation
738,15585012,15.585,double_intermediate,1,plan+SOCS+FI+output_formation
739,15439696,15.4397,double_intermediate,1,plan+SOCS+FI+output_formation
740,15533985,15.534,double_intermediate,1,plan+SOCS+FI+output_formation
741,15502198,15.5022,double_intermediate,1,plan+SOCS+FI+output_formation
742,15534106,15.5341,double_intermediate,1,plan+SOCS+FI+output_formation
743,15447838,15.4478,double_intermediate,1,plan+SOCS+FI+output_formation
744,17845745,17.8457,double_intermediate,1,plan+SOCS+FI+output_formation
745,16148348,16.1483,double_intermediate,1,plan+SOCS+FI+output_formation
746,15524339,15.5243,double_intermediate,1,plan+SOCS+FI+output_formation
747,15563514,15.5635,double_intermediate,1,plan+SOCS+FI+output_formation
748,15491799,15.4918,double_intermediate,1,plan+SOCS+FI+output_formation
749,15502192,15.5022,double_intermediate,1,plan+SOCS+FI+output_formation
750,15729037,15.729,double_intermediate,1,plan+SOCS+FI+output_formation
751,15490417,15.4904,double_intermediate,1,plan+SOCS+FI+output_formation
752,15481604,15.4816,double_intermediate,1,plan+SOCS+FI+output_formation
753,15572882,15.5729,double_intermediate,1,plan+SOCS+FI+output_formation
754,15565472,15.5655,double_intermediate,1,plan+SOCS+FI+output_formation
755,16101631,16.1016,double_intermediate,1,plan+SOCS+FI+output_formation
756,15613240,15.6132,double_intermediate,1,plan+SOCS+FI+output_formation
757,15588300,15.5883,double_intermediate,1,plan+SOCS+FI+output_formation
758,16107238,16.1072,double_intermediate,1,plan+SOCS+FI+output_formation
759,17365794,17.3658,double_intermediate,1,plan+SOCS+FI+output_formation
760,15991380,15.9914,double_intermediate,1,plan+SOCS+FI+output_formation
761,16291655,16.2917,double_intermediate,1,plan+SOCS+FI+output_formation
762,16326881,16.3269,double_intermediate,1,plan+SOCS+FI+output_formation
763,16442890,16.4429,double_intermediate,1,plan+SOCS+FI+output_formation
764,16170452,16.1705,double_intermediate,1,plan+SOCS+FI+output_formation
765,16229624,16.2296,double_intermediate,1,plan+SOCS+FI+output_formation
766,16424988,16.425,double_intermediate,1,plan+SOCS+FI+output_formation
767,16598908,16.5989,double_intermediate,1,plan+SOCS+FI+output_formation
768,15469402,15.4694,double_intermediate,1,plan+SOCS+FI+output_formation
769,15574623,15.5746,double_intermediate,1,plan+SOCS+FI+output_formation
770,15487913,15.4879,double_intermediate,1,plan+SOCS+FI+output_formation
771,15622062,15.6221,double_intermediate,1,plan+SOCS+FI+output_formation
772,15571277,15.5713,double_intermediate,1,plan+SOCS+FI+output_formation
773,15589676,15.5897,double_intermediate,1,plan+SOCS+FI+output_formation
774,15578866,15.5789,double_intermediate,1,plan+SOCS+FI+output_formation
775,16605253,16.6053,double_intermediate,1,plan+SOCS+FI+output_formation
776,15919523,15.9195,double_intermediate,1,plan+SOCS+FI+output_formation
777,15509537,15.5095,double_intermediate,1,plan+SOCS+FI+output_formation
778,15556198,15.5562,double_intermediate,1,plan+SOCS+FI+output_formation
779,15469026,15.469,double_intermediate,1,plan+SOCS+FI+output_formation
780,15603650,15.6037,double_intermediate,1,plan+SOCS+FI+output_formation
781,15645248,15.6452,double_intermediate,1,plan+SOCS+FI+output_formation
782,15573715,15.5737,double_intermediate,1,plan+SOCS+FI+output_formation
783,15548214,15.5482,double_intermediate,1,plan+SOCS+FI+output_formation
784,15471409,15.4714,double_intermediate,1,plan+SOCS+FI+output_formation
785,15542464,15.5425,double_intermediate,1,plan+SOCS+FI+output_formation
786,15566775,15.5668,double_intermediate,1,plan+SOCS+FI+output_formation
787,15754944,15.7549,double_intermediate,1,plan+SOCS+FI+output_formation
788,15629755,15.6298,double_intermediate,1,plan+SOCS+FI+output_formation
789,15524158,15.5242,double_intermediate,1,plan+SOCS+FI+output_formation
790,15490424,15.4904,double_intermediate,1,plan+SOCS+FI+output_formation
791,15751876,15.7519,double_intermediate,1,plan+SOCS+FI+output_formation
792,15681496,15.6815,double_intermediate,1,plan+SOCS+FI+output_formation
793,15490459,15.4905,double_intermediate,1,plan+SOCS+FI+output_formation
794,15584129,15.5841,double_intermediate,1,plan+SOCS+FI+output_formation
795,15752977,15.753,double_intermediate,1,plan+SOCS+FI+output_formation
796,15545038,15.545,double_intermediate,1,plan+SOCS+FI+output_formation
797,15581369,15.5814,double_intermediate,1,plan+SOCS+FI+output_formation
798,15494560,15.4946,double_intermediate,1,plan+SOCS+FI+output_formation
799,15513545,15.5135,double_intermediate,1,plan+SOCS+FI+output_formation
800,15611107,15.6111,double_intermediate,1,plan+SOCS+FI+output_formation
801,15536421,15.5364,double_intermediate,1,plan+SOCS+FI+output_formation
802,15491094,15.4911,double_intermediate,1,plan+SOCS+FI+output_formation
803,15477618,15.4776,double_intermediate,1,plan+SOCS+FI+output_formation
804,15934108,15.9341,double_intermediate,1,plan+SOCS+FI+output_formation
805,15651301,15.6513,double_intermediate,1,plan+SOCS+FI+output_formation
806,15565249,15.5652,double_intermediate,1,plan+SOCS+FI+output_formation
807,16021321,16.0213,double_intermediate,1,plan+SOCS+FI+output_formation
808,18501007,18.501,double_intermediate,1,plan+SOCS+FI+output_formation
809,15893520,15.8935,double_intermediate,1,plan+SOCS+FI+output_formation
810,15581158,15.5812,double_intermediate,1,plan+SOCS+FI+output_formation
811,15504246,15.5042,double_intermediate,1,plan+SOCS+FI+output_formation
812,15492498,15.4925,double_intermediate,1,plan+SOCS+FI+output_formation
813,15692785,15.6928,double_intermediate,1,plan+SOCS+FI+output_formation
814,15613866,15.6139,double_intermediate,1,plan+SOCS+FI+output_formation
815,15449565,15.4496,double_intermediate,1,plan+SOCS+FI+output_formation
816,15552688,15.5527,double_intermediate,1,plan+SOCS+FI+output_formation
817,15536169,15.5362,double_intermediate,1,plan+SOCS+FI+output_formation
818,15700429,15.7004,double_intermediate,1,plan+SOCS+FI+output_formation
819,15783383,15.7834,double_intermediate,1,plan+SOCS+FI+output_formation
820,15516832,15.5168,double_intermediate,1,plan+SOCS+FI+output_formation
821,15486669,15.4867,double_intermediate,1,plan+SOCS+FI+output_formation
822,15652905,15.6529,double_intermediate,1,plan+SOCS+FI+output_formation
823,15555799,15.5558,double_intermediate,1,plan+SOCS+FI+output_formation
824,15506826,15.5068,double_intermediate,1,plan+SOCS+FI+output_formation
825,15476136,15.4761,double_intermediate,1,plan+SOCS+FI+output_formation
826,15634228,15.6342,double_intermediate,1,plan+SOCS+FI+output_formation
827,15552663,15.5527,double_intermediate,1,plan+SOCS+FI+output_formation
828,15677671,15.6777,double_intermediate,1,plan+SOCS+FI+output_formation
829,15523797,15.5238,double_intermediate,1,plan+SOCS+FI+output_formation
830,15593063,15.5931,double_intermediate,1,plan+SOCS+FI+output_formation
831,15566749,15.5667,double_intermediate,1,plan+SOCS+FI+output_formation
832,15497847,15.4978,double_intermediate,1,plan+SOCS+FI+output_formation
833,15661029,15.661,double_intermediate,1,plan+SOCS+FI+output_formation
834,15493028,15.493,double_intermediate,1,plan+SOCS+FI+output_formation
835,15494075,15.4941,double_intermediate,1,plan+SOCS+FI+output_formation
836,15532692,15.5327,double_intermediate,1,plan+SOCS+FI+output_formation
837,15524790,15.5248,double_intermediate,1,plan+SOCS+FI+output_formation
838,15734810,15.7348,double_intermediate,1,plan+SOCS+FI+output_formation
839,17034306,17.0343,double_intermediate,1,plan+SOCS+FI+output_formation
840,16163766,16.1638,double_intermediate,1,plan+SOCS+FI+output_formation
841,15478768,15.4788,double_intermediate,1,plan+SOCS+FI+output_formation
842,15779502,15.7795,double_intermediate,1,plan+SOCS+FI+output_formation
843,15557779,15.5578,double_intermediate,1,plan+SOCS+FI+output_formation
844,15472997,15.473,double_intermediate,1,plan+SOCS+FI+output_formation
845,15561245,15.5612,double_intermediate,1,plan+SOCS+FI+output_formation
846,15999422,15.9994,double_intermediate,1,plan+SOCS+FI+output_formation
847,15454829,15.4548,double_intermediate,1,plan+SOCS+FI+output_formation
848,15560945,15.5609,double_intermediate,1,plan+SOCS+FI+output_formation
849,15454542,15.4545,double_intermediate,1,plan+SOCS+FI+output_formation
850,15528434,15.5284,double_intermediate,1,plan+SOCS+FI+output_formation
851,15455549,15.4555,double_intermediate,1,plan+SOCS+FI+output_formation
852,15607586,15.6076,double_intermediate,1,plan+SOCS+FI+output_formation
853,15490929,15.4909,double_intermediate,1,plan+SOCS+FI+output_formation
854,15509865,15.5099,double_intermediate,1,plan+SOCS+FI+output_formation
855,15512590,15.5126,double_intermediate,1,plan+SOCS+FI+output_formation
856,15485974,15.486,double_intermediate,1,plan+SOCS+FI+output_formation
857,15497711,15.4977,double_intermediate,1,plan+SOCS+FI+output_formation
858,15543540,15.5435,double_intermediate,1,plan+SOCS+FI+output_formation
859,15536935,15.5369,double_intermediate,1,plan+SOCS+FI+output_formation
860,15461854,15.4619,double_intermediate,1,plan+SOCS+FI+output_formation
861,15476950,15.477,double_intermediate,1,plan+SOCS+FI+output_formation
862,15514745,15.5147,double_intermediate,1,plan+SOCS+FI+output_formation
863,15586196,15.5862,double_intermediate,1,plan+SOCS+FI+output_formation
864,15481743,15.4817,double_intermediate,1,plan+SOCS+FI+output_formation
865,15603981,15.604,double_intermediate,1,plan+SOCS+FI+output_formation
866,15471669,15.4717,double_intermediate,1,plan+SOCS+FI+output_formation
867,15495980,15.496,double_intermediate,1,plan+SOCS+FI+output_formation
868,15457789,15.4578,double_intermediate,1,plan+SOCS+FI+output_formation
869,15562882,15.5629,double_intermediate,1,plan+SOCS+FI+output_formation
870,15487778,15.4878,double_intermediate,1,plan+SOCS+FI+output_formation
871,16620438,16.6204,double_intermediate,1,plan+SOCS+FI+output_formation
872,17334683,17.3347,double_intermediate,1,plan+SOCS+FI+output_formation
873,15521400,15.5214,double_intermediate,1,plan+SOCS+FI+output_formation
874,15474430,15.4744,double_intermediate,1,plan+SOCS+FI+output_formation
875,15539266,15.5393,double_intermediate,1,plan+SOCS+FI+output_formation
876,15507478,15.5075,double_intermediate,1,plan+SOCS+FI+output_formation
877,15988669,15.9887,double_intermediate,1,plan+SOCS+FI+output_formation
878,15559407,15.5594,double_intermediate,1,plan+SOCS+FI+output_formation
879,15498654,15.4987,double_intermediate,1,plan+SOCS+FI+output_formation
880,15522573,15.5226,double_intermediate,1,plan+SOCS+FI+output_formation
881,15493497,15.4935,double_intermediate,1,plan+SOCS+FI+output_formation
882,15808649,15.8086,double_intermediate,1,plan+SOCS+FI+output_formation
883,15610427,15.6104,double_intermediate,1,plan+SOCS+FI+output_formation
884,15552919,15.5529,double_intermediate,1,plan+SOCS+FI+output_formation
885,15502954,15.503,double_intermediate,1,plan+SOCS+FI+output_formation
886,15647120,15.6471,double_intermediate,1,plan+SOCS+FI+output_formation
887,15547780,15.5478,double_intermediate,1,plan+SOCS+FI+output_formation
888,15561799,15.5618,double_intermediate,1,plan+SOCS+FI+output_formation
889,15476745,15.4767,double_intermediate,1,plan+SOCS+FI+output_formation
890,15615234,15.6152,double_intermediate,1,plan+SOCS+FI+output_formation
891,15621527,15.6215,double_intermediate,1,plan+SOCS+FI+output_formation
892,15493983,15.494,double_intermediate,1,plan+SOCS+FI+output_formation
893,15544991,15.545,double_intermediate,1,plan+SOCS+FI+output_formation
894,15619355,15.6194,double_intermediate,1,plan+SOCS+FI+output_formation
895,15644002,15.644,double_intermediate,1,plan+SOCS+FI+output_formation
896,15483084,15.4831,double_intermediate,1,plan+SOCS+FI+output_formation
897,15726867,15.7269,double_intermediate,1,plan+SOCS+FI+output_formation
898,15504776,15.5048,double_intermediate,1,plan+SOCS+FI+output_formation
899,15457667,15.4577,double_intermediate,1,plan+SOCS+FI+output_formation
900,15502128,15.5021,double_intermediate,1,plan+SOCS+FI+output_formation
901,15649918,15.6499,double_intermediate,1,plan+SOCS+FI+output_formation
902,15946500,15.9465,double_intermediate,1,plan+SOCS+FI+output_formation
903,20964726,20.9647,double_intermediate,1,plan+SOCS+FI+output_formation
904,15746122,15.7461,double_intermediate,1,plan+SOCS+FI+output_formation
905,15521480,15.5215,double_intermediate,1,plan+SOCS+FI+output_formation
906,15545112,15.5451,double_intermediate,1,plan+SOCS+FI+output_formation
907,15516644,15.5166,double_intermediate,1,plan+SOCS+FI+output_formation
908,15813799,15.8138,double_intermediate,1,plan+SOCS+FI+output_formation
909,15519339,15.5193,double_intermediate,1,plan+SOCS+FI+output_formation
910,15519499,15.5195,double_intermediate,1,plan+SOCS+FI+output_formation
911,15468985,15.469,double_intermediate,1,plan+SOCS+FI+output_formation
912,15937634,15.9376,double_intermediate,1,plan+SOCS+FI+output_formation
913,15561150,15.5611,double_intermediate,1,plan+SOCS+FI+output_formation
914,15555993,15.556,double_intermediate,1,plan+SOCS+FI+output_formation
915,15631221,15.6312,double_intermediate,1,plan+SOCS+FI+output_formation
916,15793940,15.7939,double_intermediate,1,plan+SOCS+FI+output_formation
917,15510341,15.5103,double_intermediate,1,plan+SOCS+FI+output_formation
918,15596260,15.5963,double_intermediate,1,plan+SOCS+FI+output_formation
919,15572985,15.573,double_intermediate,1,plan+SOCS+FI+output_formation
920,15507820,15.5078,double_intermediate,1,plan+SOCS+FI+output_formation
921,15524464,15.5245,double_intermediate,1,plan+SOCS+FI+output_formation
922,15509377,15.5094,double_intermediate,1,plan+SOCS+FI+output_formation
923,15437462,15.4375,double_intermediate,1,plan+SOCS+FI+output_formation
924,15523655,15.5237,double_intermediate,1,plan+SOCS+FI+output_formation
925,15484757,15.4848,double_intermediate,1,plan+SOCS+FI+output_formation
926,15495553,15.4956,double_intermediate,1,plan+SOCS+FI+output_formation
927,15497192,15.4972,double_intermediate,1,plan+SOCS+FI+output_formation
928,15630861,15.6309,double_intermediate,1,plan+SOCS+FI+output_formation
929,15560082,15.5601,double_intermediate,1,plan+SOCS+FI+output_formation
930,15508969,15.509,double_intermediate,1,plan+SOCS+FI+output_formation
931,15462158,15.4622,double_intermediate,1,plan+SOCS+FI+output_formation
932,15587061,15.5871,double_intermediate,1,plan+SOCS+FI+output_formation
933,15507844,15.5078,double_intermediate,1,plan+SOCS+FI+output_formation
934,15513018,15.513,double_intermediate,1,plan+SOCS+FI+output_formation
935,18267566,18.2676,double_intermediate,1,plan+SOCS+FI+output_formation
936,16256584,16.2566,double_intermediate,1,plan+SOCS+FI+output_formation
937,15484446,15.4844,double_intermediate,1,plan+SOCS+FI+output_formation
938,15535721,15.5357,double_intermediate,1,plan+SOCS+FI+output_formation
939,15447316,15.4473,double_intermediate,1,plan+SOCS+FI+output_formation
940,15540079,15.5401,double_intermediate,1,plan+SOCS+FI+output_formation
941,15717134,15.7171,double_intermediate,1,plan+SOCS+FI+output_formation
942,15480338,15.4803,double_intermediate,1,plan+SOCS+FI+output_formation
943,15493865,15.4939,double_intermediate,1,plan+SOCS+FI+output_formation
944,15506936,15.5069,double_intermediate,1,plan+SOCS+FI+output_formation
945,15801687,15.8017,double_intermediate,1,plan+SOCS+FI+output_formation
946,15796145,15.7961,double_intermediate,1,plan+SOCS+FI+output_formation
947,15620317,15.6203,double_intermediate,1,plan+SOCS+FI+output_formation
948,15560698,15.5607,double_intermediate,1,plan+SOCS+FI+output_formation
949,15478043,15.478,double_intermediate,1,plan+SOCS+FI+output_formation
950,15631601,15.6316,double_intermediate,1,plan+SOCS+FI+output_formation
951,15594090,15.5941,double_intermediate,1,plan+SOCS+FI+output_formation
952,15528519,15.5285,double_intermediate,1,plan+SOCS+FI+output_formation
953,15502895,15.5029,double_intermediate,1,plan+SOCS+FI+output_formation
954,15526165,15.5262,double_intermediate,1,plan+SOCS+FI+output_formation
955,15491473,15.4915,double_intermediate,1,plan+SOCS+FI+output_formation
956,15515822,15.5158,double_intermediate,1,plan+SOCS+FI+output_formation
957,15524093,15.5241,double_intermediate,1,plan+SOCS+FI+output_formation
958,15580346,15.5803,double_intermediate,1,plan+SOCS+FI+output_formation
959,15613559,15.6136,double_intermediate,1,plan+SOCS+FI+output_formation
960,15834021,15.834,double_intermediate,1,plan+SOCS+FI+output_formation
961,15527231,15.5272,double_intermediate,1,plan+SOCS+FI+output_formation
962,15545629,15.5456,double_intermediate,1,plan+SOCS+FI+output_formation
963,15636898,15.6369,double_intermediate,1,plan+SOCS+FI+output_formation
964,15921390,15.9214,double_intermediate,1,plan+SOCS+FI+output_formation
965,15927030,15.927,double_intermediate,1,plan+SOCS+FI+output_formation
966,15900917,15.9009,double_intermediate,1,plan+SOCS+FI+output_formation
967,17763564,17.7636,double_intermediate,1,plan+SOCS+FI+output_formation
968,15592729,15.5927,double_intermediate,1,plan+SOCS+FI+output_formation
969,15540754,15.5408,double_intermediate,1,plan+SOCS+FI+output_formation
970,15501249,15.5012,double_intermediate,1,plan+SOCS+FI+output_formation
971,15495018,15.495,double_intermediate,1,plan+SOCS+FI+output_formation
972,15524760,15.5248,double_intermediate,1,plan+SOCS+FI+output_formation
973,15563380,15.5634,double_intermediate,1,plan+SOCS+FI+output_formation
974,15487635,15.4876,double_intermediate,1,plan+SOCS+FI+output_formation
975,15533865,15.5339,double_intermediate,1,plan+SOCS+FI+output_formation
976,15577297,15.5773,double_intermediate,1,plan+SOCS+FI+output_formation
977,15463210,15.4632,double_intermediate,1,plan+SOCS+FI+output_formation
978,15447365,15.4474,double_intermediate,1,plan+SOCS+FI+output_formation
979,15569751,15.5698,double_intermediate,1,plan+SOCS+FI+output_formation
980,15556831,15.5568,double_intermediate,1,plan+SOCS+FI+output_formation
981,15491406,15.4914,double_intermediate,1,plan+SOCS+FI+output_formation
982,15481210,15.4812,double_intermediate,1,plan+SOCS+FI+output_formation
983,15500484,15.5005,double_intermediate,1,plan+SOCS+FI+output_formation
984,15532523,15.5325,double_intermediate,1,plan+SOCS+FI+output_formation
985,15474697,15.4747,double_intermediate,1,plan+SOCS+FI+output_formation
986,15483117,15.4831,double_intermediate,1,plan+SOCS+FI+output_formation
987,15548046,15.548,double_intermediate,1,plan+SOCS+FI+output_formation
988,15512257,15.5123,double_intermediate,1,plan+SOCS+FI+output_formation
989,15523999,15.524,double_intermediate,1,plan+SOCS+FI+output_formation
990,15498230,15.4982,double_intermediate,1,plan+SOCS+FI+output_formation
991,15514171,15.5142,double_intermediate,1,plan+SOCS+FI+output_formation
992,15595424,15.5954,double_intermediate,1,plan+SOCS+FI+output_formation
993,15478804,15.4788,double_intermediate,1,plan+SOCS+FI+output_formation
994,15466707,15.4667,double_intermediate,1,plan+SOCS+FI+output_formation
995,15513833,15.5138,double_intermediate,1,plan+SOCS+FI+output_formation
996,15466316,15.4663,double_intermediate,1,plan+SOCS+FI+output_formation
997,15491381,15.4914,double_intermediate,1,plan+SOCS+FI+output_formation
998,15511583,15.5116,double_intermediate,1,plan+SOCS+FI+output_formation
999,20217215,20.2172,double_intermediate,1,plan+SOCS+FI+output_formation
