step,status,elapsed_seconds,details_json
load_json_config,PASS,0.000084328,{}
load_golden_data,PASS,0.004019172,{}
load_reused_fpga_tmpimgp,PASS,0.000065931,"{""path"": ""/root/project/fpga-litho-accel/source/host/full_platform/output/fpga_tmpimgp_full_128.bin""}"
save_fpga_tmpimgp,PASS,0.000210977,"{""bytes"": 65536, ""path"": ""/root/project/fpga-litho-accel/source/host/full_platform/output/fpga_tmpimgp_full_128.bin""}"
host_fi_inverse_aerial,PASS,0.031004424,"{""input_shape"": [128, 128], ""output_shape"": [1024, 1024]}"
save_host_fi_aerial,PASS,0.002949018,"{""bytes"": 4194304, ""path"": ""/root/project/fpga-litho-accel/source/host/full_platform/output/fpga_aerial_fi.bin""}"
load_golden_socs_aerial,PASS,0.000842938,{}
load_golden_tcc_aerial,PASS,0.000894257,{}
compare_against_golden,PASS,0.086229756,{}
