kernel_count,iteration,host_wall_ns,host_wall_ms
1,0,1607830,1.60783
1,1,1612515,1.612515
1,2,1608422,1.608422
1,3,1607626,1.607626
1,4,1605806,1.605806
1,5,1607819,1.607819
1,6,1603364,1.603364
1,7,1609983,1.609983
1,8,1602116,1.602116
1,9,1605252,1.605252
1,10,1602142,1.602142
1,11,1602913,1.602913
1,12,1607804,1.607804
1,13,1601081,1.601081
1,14,1617526,1.617526
1,15,1608259,1.608259
1,16,1607515,1.607515
1,17,1607549,1.607549
1,18,1603701,1.603701
1,19,1610900,1.6109
1,20,1608285,1.608285
1,21,1601015,1.601015
1,22,1600776,1.600776
1,23,1608956,1.608956
1,24,1613106,1.613106
1,25,1606304,1.606304
1,26,1641480,1.64148
1,27,1608850,1.60885
1,28,1612321,1.612321
1,29,1609927,1.609927
1,30,1616287,1.616287
1,31,1599929,1.599929
1,32,1607861,1.607861
1,33,1601764,1.601764
1,34,1604760,1.60476
1,35,1607697,1.607697
1,36,1601600,1.6016
1,37,1609004,1.609004
1,38,1608227,1.608227
1,39,1603690,1.60369
1,40,1610855,1.610855
1,41,1602311,1.602311
1,42,1608877,1.608877
1,43,1599551,1.599551
1,44,1602446,1.602446
1,45,1598994,1.598994
1,46,1602313,1.602313
1,47,1606079,1.606079
1,48,1598710,1.59871
1,49,1623584,1.623584
1,50,1605852,1.605852
1,51,1608741,1.608741
1,52,1600475,1.600475
1,53,1608575,1.608575
1,54,1609842,1.609842
1,55,1607770,1.60777
1,56,1615104,1.615104
1,57,1615476,1.615476
1,58,1609527,1.609527
1,59,1610154,1.610154
1,60,1599963,1.599963
1,61,1606048,1.606048
1,62,1599209,1.599209
1,63,1604373,1.604373
1,64,1611402,1.611402
1,65,1601909,1.601909
1,66,1609280,1.60928
1,67,1604690,1.60469
1,68,1614558,1.614558
1,69,1608894,1.608894
1,70,1605591,1.605591
1,71,1602100,1.6021
1,72,1604292,1.604292
1,73,1608650,1.60865
1,74,1612472,1.612472
1,75,1601606,1.601606
1,76,1613016,1.613016
1,77,1610558,1.610558
1,78,1606702,1.606702
1,79,1605343,1.605343
1,80,1599757,1.599757
1,81,1603532,1.603532
1,82,1618633,1.618633
1,83,1729816,1.729816
1,84,1635407,1.635407
1,85,1605895,1.605895
1,86,1610052,1.610052
1,87,1633151,1.633151
1,88,1608235,1.608235
1,89,1608596,1.608596
1,90,1609542,1.609542
1,91,1621420,1.62142
1,92,1606376,1.606376
1,93,1604630,1.60463
1,94,1615950,1.61595
1,95,1605558,1.605558
1,96,1612986,1.612986
1,97,1611832,1.611832
1,98,1604890,1.60489
1,99,1601810,1.60181
1,100,1604881,1.604881
1,101,1606710,1.60671
1,102,1604640,1.60464
1,103,1609033,1.609033
1,104,1602733,1.602733
1,105,1611921,1.611921
1,106,1601231,1.601231
1,107,1607286,1.607286
1,108,1620007,1.620007
1,109,1611458,1.611458
1,110,1611911,1.611911
1,111,1607534,1.607534
1,112,1609997,1.609997
1,113,1600405,1.600405
1,114,1610945,1.610945
1,115,1600631,1.600631
1,116,1609443,1.609443
1,117,1607385,1.607385
1,118,1601992,1.601992
1,119,1615486,1.615486
1,120,1608965,1.608965
1,121,1603167,1.603167
1,122,1604515,1.604515
1,123,1604991,1.604991
1,124,1607106,1.607106
1,125,1607791,1.607791
1,126,1609219,1.609219
1,127,1606377,1.606377
1,128,1609774,1.609774
1,129,1606105,1.606105
1,130,1600638,1.600638
1,131,1602695,1.602695
1,132,1610050,1.61005
1,133,1599696,1.599696
1,134,1606337,1.606337
1,135,1609646,1.609646
1,136,1600970,1.60097
1,137,1601979,1.601979
1,138,1602690,1.60269
1,139,1611145,1.611145
1,140,1601660,1.60166
1,141,1606921,1.606921
1,142,1609276,1.609276
1,143,1607546,1.607546
1,144,1607584,1.607584
1,145,1608313,1.608313
1,146,1599202,1.599202
1,147,1599495,1.599495
1,148,1606412,1.606412
1,149,1607110,1.60711
1,150,1604267,1.604267
1,151,1614838,1.614838
1,152,1602870,1.60287
1,153,1602909,1.602909
1,154,1602245,1.602245
1,155,1604394,1.604394
1,156,1612491,1.612491
1,157,1603113,1.603113
1,158,1603560,1.60356
1,159,1614642,1.614642
1,160,1600531,1.600531
1,161,1605523,1.605523
1,162,1606364,1.606364
1,163,1614131,1.614131
1,164,1606955,1.606955
1,165,1599835,1.599835
1,166,1608558,1.608558
1,167,1612835,1.612835
1,168,1604635,1.604635
1,169,1605079,1.605079
1,170,1619526,1.619526
1,171,1605045,1.605045
1,172,1613121,1.613121
1,173,1604645,1.604645
1,174,1605234,1.605234
1,175,1605938,1.605938
1,176,1608544,1.608544
1,177,1612030,1.61203
1,178,1610828,1.610828
1,179,1612586,1.612586
1,180,1601990,1.60199
1,181,1608603,1.608603
1,182,1604990,1.60499
1,183,1605500,1.6055
1,184,1610668,1.610668
1,185,1605258,1.605258
1,186,1604291,1.604291
1,187,1610080,1.61008
1,188,1607034,1.607034
1,189,1610832,1.610832
1,190,1605844,1.605844
1,191,1603140,1.60314
1,192,1603721,1.603721
1,193,1608867,1.608867
1,194,1600073,1.600073
1,195,1601496,1.601496
1,196,1599899,1.599899
1,197,1597696,1.597696
1,198,1600974,1.600974
1,199,1601985,1.601985
1,200,1597341,1.597341
1,201,1600584,1.600584
1,202,1606193,1.606193
1,203,1603489,1.603489
1,204,1599493,1.599493
1,205,1607155,1.607155
1,206,1599240,1.59924
1,207,1605724,1.605724
1,208,1603799,1.603799
1,209,1603250,1.60325
1,210,1601326,1.601326
1,211,1598940,1.59894
1,212,1606269,1.606269
1,213,1599178,1.599178
1,214,1609412,1.609412
1,215,1598613,1.598613
1,216,1602740,1.60274
1,217,1605032,1.605032
1,218,1598504,1.598504
1,219,1605932,1.605932
1,220,1602768,1.602768
1,221,1600107,1.600107
1,222,1614248,1.614248
1,223,1607879,1.607879
1,224,1598021,1.598021
1,225,1608527,1.608527
1,226,1606095,1.606095
1,227,1609009,1.609009
1,228,1611275,1.611275
1,229,1616518,1.616518
1,230,1606338,1.606338
1,231,1609297,1.609297
1,232,1604425,1.604425
1,233,1604616,1.604616
1,234,1609686,1.609686
1,235,1611021,1.611021
1,236,1601417,1.601417
1,237,1603274,1.603274
1,238,1602496,1.602496
1,239,1600617,1.600617
1,240,1612673,1.612673
1,241,1604379,1.604379
1,242,1610551,1.610551
1,243,1603993,1.603993
1,244,1601296,1.601296
1,245,1604711,1.604711
1,246,1607190,1.60719
1,247,1612883,1.612883
1,248,1606808,1.606808
1,249,1605706,1.605706
1,250,1604457,1.604457
1,251,1604426,1.604426
1,252,1605090,1.60509
1,253,1610209,1.610209
1,254,1601643,1.601643
1,255,1607802,1.607802
1,256,1601368,1.601368
1,257,1613607,1.613607
1,258,1609740,1.60974
1,259,1612480,1.61248
1,260,1610652,1.610652
1,261,1603515,1.603515
1,262,1609451,1.609451
1,263,1608757,1.608757
1,264,1605218,1.605218
1,265,1613520,1.61352
1,266,1613068,1.613068
1,267,1609730,1.60973
1,268,1601657,1.601657
1,269,1601070,1.60107
1,270,1608650,1.60865
1,271,1604074,1.604074
1,272,1612754,1.612754
1,273,1604934,1.604934
1,274,1603228,1.603228
1,275,1610751,1.610751
1,276,1611013,1.611013
1,277,1612773,1.612773
1,278,1606555,1.606555
1,279,1609352,1.609352
1,280,1608777,1.608777
1,281,1607525,1.607525
1,282,1611767,1.611767
1,283,1604801,1.604801
1,284,1604778,1.604778
1,285,1612897,1.612897
1,286,1601710,1.60171
1,287,1602573,1.602573
1,288,1613279,1.613279
1,289,1606280,1.60628
1,290,1604905,1.604905
1,291,1612813,1.612813
1,292,1612909,1.612909
1,293,1607892,1.607892
1,294,1612255,1.612255
1,295,1609788,1.609788
1,296,1602786,1.602786
1,297,1604685,1.604685
1,298,1613788,1.613788
1,299,1609649,1.609649
1,300,1608495,1.608495
1,301,1607914,1.607914
1,302,1613068,1.613068
1,303,1609323,1.609323
1,304,1609743,1.609743
1,305,1606284,1.606284
1,306,1611510,1.61151
1,307,1601650,1.60165
1,308,1605357,1.605357
1,309,1610396,1.610396
1,310,1599556,1.599556
1,311,1607214,1.607214
1,312,1601205,1.601205
1,313,1598095,1.598095
1,314,1603189,1.603189
1,315,1602789,1.602789
1,316,1602063,1.602063
1,317,1617291,1.617291
1,318,1606363,1.606363
1,319,1601672,1.601672
1,320,1611581,1.611581
1,321,1610871,1.610871
1,322,1609255,1.609255
1,323,1615919,1.615919
1,324,1600722,1.600722
1,325,1611807,1.611807
1,326,2130736,2.130736
1,327,1615805,1.615805
1,328,1609737,1.609737
1,329,2321250,2.32125
1,330,1629584,1.629584
1,331,1612645,1.612645
1,332,1605015,1.605015
1,333,1606815,1.606815
1,334,1603971,1.603971
1,335,1708987,1.708987
1,336,1879894,1.879894
1,337,1618244,1.618244
1,338,1610738,1.610738
1,339,1613390,1.61339
1,340,1627120,1.62712
1,341,1606849,1.606849
1,342,1613956,1.613956
1,343,1609540,1.60954
1,344,1605490,1.60549
1,345,1606188,1.606188
1,346,1613615,1.613615
1,347,1607725,1.607725
1,348,1603303,1.603303
1,349,1610864,1.610864
1,350,1599208,1.599208
1,351,1610554,1.610554
1,352,1600418,1.600418
1,353,3678703,3.678703
1,354,1608304,1.608304
1,355,1600850,1.60085
1,356,1612402,1.612402
1,357,1613523,1.613523
1,358,1611827,1.611827
1,359,1632849,1.632849
1,360,1613047,1.613047
1,361,1606445,1.606445
1,362,1617870,1.61787
1,363,1603802,1.603802
1,364,1604887,1.604887
1,365,1611527,1.611527
1,366,1612019,1.612019
1,367,1606365,1.606365
1,368,1610281,1.610281
1,369,1616467,1.616467
1,370,1604247,1.604247
1,371,1606999,1.606999
1,372,1612377,1.612377
1,373,1611891,1.611891
1,374,1607252,1.607252
1,375,1605920,1.60592
1,376,1602173,1.602173
1,377,1608345,1.608345
1,378,1602638,1.602638
1,379,1608993,1.608993
1,380,1614368,1.614368
1,381,1599408,1.599408
1,382,1605826,1.605826
1,383,1606417,1.606417
1,384,1617596,1.617596
1,385,1605323,1.605323
1,386,1606781,1.606781
1,387,1598671,1.598671
1,388,1598051,1.598051
1,389,1602986,1.602986
1,390,1598560,1.59856
1,391,1605472,1.605472
1,392,1607241,1.607241
1,393,1600367,1.600367
1,394,1601326,1.601326
1,395,1601088,1.601088
1,396,1599860,1.59986
1,397,1607414,1.607414
1,398,1599989,1.599989
1,399,1603366,1.603366
1,400,1600399,1.600399
1,401,1602014,1.602014
1,402,1599164,1.599164
1,403,1603036,1.603036
1,404,1601922,1.601922
1,405,1599505,1.599505
1,406,1611750,1.61175
1,407,1613415,1.613415
1,408,1601142,1.601142
1,409,1613622,1.613622
1,410,1608772,1.608772
1,411,1604918,1.604918
1,412,1607570,1.60757
1,413,1607418,1.607418
1,414,1600349,1.600349
1,415,1602801,1.602801
1,416,1598498,1.598498
1,417,1608317,1.608317
1,418,1603139,1.603139
1,419,1603866,1.603866
1,420,1608927,1.608927
1,421,1621195,1.621195
1,422,1614314,1.614314
1,423,1603242,1.603242
1,424,1611009,1.611009
1,425,1601096,1.601096
1,426,1623065,1.623065
1,427,1605192,1.605192
1,428,1609635,1.609635
1,429,1599790,1.59979
1,430,1613892,1.613892
1,431,1604105,1.604105
1,432,1608308,1.608308
1,433,1606196,1.606196
1,434,1605768,1.605768
1,435,1603667,1.603667
1,436,1610674,1.610674
1,437,1611651,1.611651
1,438,1604896,1.604896
1,439,1610492,1.610492
1,440,1600648,1.600648
1,441,1606102,1.606102
1,442,1601316,1.601316
1,443,1608713,1.608713
1,444,1606734,1.606734
1,445,1611386,1.611386
1,446,1605138,1.605138
1,447,1603120,1.60312
1,448,1610205,1.610205
1,449,1601717,1.601717
1,450,1598946,1.598946
1,451,1602106,1.602106
1,452,1617965,1.617965
1,453,1609677,1.609677
1,454,1604296,1.604296
1,455,1609119,1.609119
1,456,1610535,1.610535
1,457,1610906,1.610906
1,458,1602133,1.602133
1,459,1603431,1.603431
1,460,1609687,1.609687
1,461,1600030,1.60003
1,462,1610530,1.61053
1,463,1607026,1.607026
1,464,1605968,1.605968
1,465,1610396,1.610396
1,466,1615397,1.615397
1,467,1611380,1.61138
1,468,1608552,1.608552
1,469,1612447,1.612447
1,470,1604086,1.604086
1,471,1600440,1.60044
1,472,1605514,1.605514
1,473,1603440,1.60344
1,474,1606188,1.606188
1,475,1605426,1.605426
1,476,1601920,1.60192
1,477,1599207,1.599207
1,478,1605685,1.605685
1,479,1603882,1.603882
1,480,1609042,1.609042
1,481,1602721,1.602721
1,482,1608795,1.608795
1,483,1602916,1.602916
1,484,1606223,1.606223
1,485,1615276,1.615276
1,486,1611321,1.611321
1,487,1609645,1.609645
1,488,1612896,1.612896
1,489,1613201,1.613201
1,490,1610119,1.610119
1,491,1609720,1.60972
1,492,1608958,1.608958
1,493,1601093,1.601093
1,494,1608563,1.608563
1,495,1609562,1.609562
1,496,1612950,1.61295
1,497,1614493,1.614493
1,498,1599810,1.59981
1,499,1606394,1.606394
1,500,1602791,1.602791
1,501,1603481,1.603481
1,502,1595621,1.595621
1,503,1596160,1.59616
1,504,1598544,1.598544
1,505,1601183,1.601183
1,506,1597999,1.597999
1,507,1598999,1.598999
1,508,1601744,1.601744
1,509,1597060,1.59706
1,510,1596108,1.596108
1,511,1598113,1.598113
1,512,1595663,1.595663
1,513,1598031,1.598031
1,514,1596664,1.596664
1,515,1612997,1.612997
1,516,1604634,1.604634
1,517,1605788,1.605788
1,518,1605436,1.605436
1,519,1600849,1.600849
1,520,1608544,1.608544
1,521,1609268,1.609268
1,522,1604374,1.604374
1,523,1605447,1.605447
1,524,1605330,1.60533
1,525,1603050,1.60305
1,526,1600767,1.600767
1,527,1598836,1.598836
1,528,1603189,1.603189
1,529,1607647,1.607647
1,530,1602227,1.602227
1,531,1600951,1.600951
1,532,1606410,1.60641
1,533,1599312,1.599312
1,534,1607843,1.607843
1,535,1608391,1.608391
1,536,1603276,1.603276
1,537,1604951,1.604951
1,538,1607880,1.60788
1,539,1606130,1.60613
1,540,1600838,1.600838
1,541,1607489,1.607489
1,542,1600790,1.60079
1,543,1600844,1.600844
1,544,1601841,1.601841
1,545,1598534,1.598534
1,546,1617647,1.617647
1,547,1620593,1.620593
1,548,1614864,1.614864
1,549,1604951,1.604951
1,550,1610383,1.610383
1,551,1605671,1.605671
1,552,1603887,1.603887
1,553,1619997,1.619997
1,554,1602771,1.602771
1,555,1605690,1.60569
1,556,1604763,1.604763
1,557,1603245,1.603245
1,558,1607115,1.607115
1,559,1604992,1.604992
1,560,1602074,1.602074
1,561,1602075,1.602075
1,562,1604380,1.60438
1,563,1610936,1.610936
1,564,1607144,1.607144
1,565,1607935,1.607935
1,566,1608027,1.608027
1,567,1682982,1.682982
1,568,1608740,1.60874
1,569,1608751,1.608751
1,570,1603109,1.603109
1,571,1602580,1.60258
1,572,1603886,1.603886
1,573,1600186,1.600186
1,574,1609944,1.609944
1,575,1609454,1.609454
1,576,1608618,1.608618
1,577,1607849,1.607849
1,578,1602204,1.602204
1,579,1603433,1.603433
1,580,1614851,1.614851
1,581,1608633,1.608633
1,582,1605200,1.6052
1,583,1599689,1.599689
1,584,1612005,1.612005
1,585,1612520,1.61252
1,586,1606677,1.606677
1,587,1599744,1.599744
1,588,1603881,1.603881
1,589,1598871,1.598871
1,590,1598645,1.598645
1,591,1598688,1.598688
1,592,1601460,1.60146
1,593,1609515,1.609515
1,594,1603341,1.603341
1,595,1603023,1.603023
1,596,1606257,1.606257
1,597,1610947,1.610947
1,598,1612703,1.612703
1,599,1604874,1.604874
1,600,1610427,1.610427
1,601,1612835,1.612835
1,602,1605535,1.605535
1,603,1640559,1.640559
1,604,1606935,1.606935
1,605,1604460,1.60446
1,606,1609145,1.609145
1,607,1607810,1.60781
1,608,1612723,1.612723
1,609,1611156,1.611156
1,610,1605401,1.605401
1,611,1604836,1.604836
1,612,1610380,1.61038
1,613,1605175,1.605175
1,614,1602370,1.60237
1,615,1604230,1.60423
1,616,1610478,1.610478
1,617,1610662,1.610662
1,618,1600578,1.600578
1,619,1607030,1.60703
1,620,1612702,1.612702
1,621,1600373,1.600373
1,622,1609458,1.609458
1,623,1599070,1.59907
1,624,1601833,1.601833
1,625,1608371,1.608371
1,626,1611839,1.611839
1,627,1604950,1.60495
1,628,1610460,1.61046
1,629,1601331,1.601331
1,630,1610669,1.610669
1,631,1606072,1.606072
1,632,1605260,1.60526
1,633,1598486,1.598486
1,634,1602470,1.60247
1,635,1602163,1.602163
1,636,1597259,1.597259
1,637,1595234,1.595234
1,638,1596439,1.596439
1,639,1600164,1.600164
1,640,1599817,1.599817
1,641,1599249,1.599249
1,642,1599249,1.599249
1,643,1597064,1.597064
1,644,1598093,1.598093
1,645,1596844,1.596844
1,646,1601777,1.601777
1,647,1600805,1.600805
1,648,1601522,1.601522
1,649,1605356,1.605356
1,650,1595647,1.595647
1,651,1595154,1.595154
1,652,1598474,1.598474
1,653,1599377,1.599377
1,654,1599284,1.599284
1,655,1596268,1.596268
1,656,1598789,1.598789
1,657,1598755,1.598755
1,658,1596482,1.596482
1,659,1597530,1.59753
1,660,1598042,1.598042
1,661,1598461,1.598461
1,662,1597833,1.597833
1,663,1600707,1.600707
1,664,1599956,1.599956
1,665,1600512,1.600512
1,666,1596172,1.596172
1,667,1602548,1.602548
1,668,1595100,1.5951
1,669,1598088,1.598088
1,670,1594698,1.594698
1,671,1602305,1.602305
1,672,1596784,1.596784
1,673,1601815,1.601815
1,674,1601537,1.601537
1,675,1597929,1.597929
1,676,1596574,1.596574
1,677,1597836,1.597836
1,678,1598053,1.598053
1,679,1596589,1.596589
1,680,1603498,1.603498
1,681,1599490,1.59949
1,682,1597624,1.597624
1,683,1598521,1.598521
1,684,1597645,1.597645
1,685,1600695,1.600695
1,686,1601799,1.601799
1,687,1596136,1.596136
1,688,1598990,1.59899
1,689,1600703,1.600703
1,690,1594213,1.594213
1,691,1600975,1.600975
1,692,1595240,1.59524
1,693,1597733,1.597733
1,694,1601866,1.601866
1,695,1600091,1.600091
1,696,1595578,1.595578
1,697,1601562,1.601562
1,698,1594698,1.594698
1,699,1599020,1.59902
1,700,1597858,1.597858
1,701,1613781,1.613781
1,702,1675490,1.67549
1,703,1611408,1.611408
1,704,1610017,1.610017
1,705,1611195,1.611195
1,706,1619175,1.619175
1,707,1608715,1.608715
1,708,1613063,1.613063
1,709,1613844,1.613844
1,710,1613149,1.613149
1,711,1612557,1.612557
1,712,1604152,1.604152
1,713,1610191,1.610191
1,714,1612167,1.612167
1,715,1614471,1.614471
1,716,1605769,1.605769
1,717,1607316,1.607316
1,718,1612226,1.612226
1,719,1599920,1.59992
1,720,1604440,1.60444
1,721,1609894,1.609894
1,722,1599159,1.599159
1,723,1611740,1.61174
1,724,1609557,1.609557
1,725,1614696,1.614696
1,726,1599063,1.599063
1,727,1609037,1.609037
1,728,1618446,1.618446
1,729,1603006,1.603006
1,730,1605882,1.605882
1,731,1609868,1.609868
1,732,1599682,1.599682
1,733,1601427,1.601427
1,734,1604653,1.604653
1,735,1607944,1.607944
1,736,1604540,1.60454
1,737,1606133,1.606133
1,738,1608918,1.608918
1,739,1607040,1.60704
1,740,1601346,1.601346
1,741,1600408,1.600408
1,742,1609156,1.609156
1,743,1619125,1.619125
1,744,1608496,1.608496
1,745,1611189,1.611189
1,746,1605526,1.605526
1,747,1606887,1.606887
1,748,1610254,1.610254
1,749,1604705,1.604705
1,750,1611894,1.611894
1,751,1609730,1.60973
1,752,1600507,1.600507
1,753,1607442,1.607442
1,754,1605538,1.605538
1,755,1600368,1.600368
1,756,1609022,1.609022
1,757,1598345,1.598345
1,758,1603692,1.603692
1,759,1606857,1.606857
1,760,1601930,1.60193
1,761,1609002,1.609002
1,762,1606541,1.606541
1,763,1606809,1.606809
1,764,1603823,1.603823
1,765,1605437,1.605437
1,766,1614424,1.614424
1,767,1602334,1.602334
1,768,1614477,1.614477
1,769,1612738,1.612738
1,770,1606258,1.606258
1,771,1609751,1.609751
1,772,1608610,1.60861
1,773,1613076,1.613076
1,774,1608881,1.608881
1,775,1608000,1.608
1,776,1617120,1.61712
1,777,1611265,1.611265
1,778,1602778,1.602778
1,779,1607998,1.607998
1,780,1607500,1.6075
1,781,1612743,1.612743
1,782,1612681,1.612681
1,783,1612950,1.61295
1,784,1608322,1.608322
1,785,1600357,1.600357
1,786,1602793,1.602793
1,787,1601046,1.601046
1,788,1613415,1.613415
1,789,1608568,1.608568
1,790,1607990,1.60799
1,791,1611707,1.611707
1,792,1603558,1.603558
1,793,1606299,1.606299
1,794,1608622,1.608622
1,795,1608633,1.608633
1,796,1600390,1.60039
1,797,1609525,1.609525
1,798,1609367,1.609367
1,799,1600643,1.600643
1,800,1609997,1.609997
1,801,1613272,1.613272
1,802,1608924,1.608924
1,803,1605706,1.605706
1,804,1608657,1.608657
1,805,1603674,1.603674
1,806,1611592,1.611592
1,807,1606493,1.606493
1,808,1608711,1.608711
1,809,1600570,1.60057
1,810,1609025,1.609025
1,811,1625128,1.625128
1,812,1602860,1.60286
1,813,1615955,1.615955
1,814,1601509,1.601509
1,815,1599880,1.59988
1,816,1602933,1.602933
1,817,1598916,1.598916
1,818,1599553,1.599553
1,819,1599983,1.599983
1,820,1603606,1.603606
1,821,1601354,1.601354
1,822,1600117,1.600117
1,823,1598616,1.598616
1,824,1596080,1.59608
1,825,1600306,1.600306
1,826,1604161,1.604161
1,827,1604149,1.604149
1,828,1608458,1.608458
1,829,1604195,1.604195
1,830,1608703,1.608703
1,831,1604019,1.604019
1,832,1598523,1.598523
1,833,1609864,1.609864
1,834,1610089,1.610089
1,835,1607013,1.607013
1,836,1605353,1.605353
1,837,1599578,1.599578
1,838,1616142,1.616142
1,839,1607210,1.60721
1,840,1613421,1.613421
1,841,1604367,1.604367
1,842,1604247,1.604247
1,843,1609361,1.609361
1,844,1605132,1.605132
1,845,1604656,1.604656
1,846,1601376,1.601376
1,847,1608870,1.60887
1,848,1613479,1.613479
1,849,1603248,1.603248
1,850,1606445,1.606445
1,851,1612524,1.612524
1,852,1600566,1.600566
1,853,1608744,1.608744
1,854,1608681,1.608681
1,855,1609661,1.609661
1,856,1609441,1.609441
1,857,1601578,1.601578
1,858,1608218,1.608218
1,859,1610686,1.610686
1,860,1609953,1.609953
1,861,1609845,1.609845
1,862,1608732,1.608732
1,863,1604934,1.604934
1,864,1614046,1.614046
1,865,1610352,1.610352
1,866,1601538,1.601538
1,867,1603329,1.603329
1,868,1611427,1.611427
1,869,1607255,1.607255
1,870,1619942,1.619942
1,871,1602715,1.602715
1,872,1609618,1.609618
1,873,1608620,1.60862
1,874,1600266,1.600266
1,875,1602974,1.602974
1,876,1611674,1.611674
1,877,1603719,1.603719
1,878,1610983,1.610983
1,879,1609958,1.609958
1,880,1608491,1.608491
1,881,1600005,1.600005
1,882,1614688,1.614688
1,883,1612912,1.612912
1,884,1605940,1.60594
1,885,1600810,1.60081
1,886,1607039,1.607039
1,887,1608439,1.608439
1,888,1609442,1.609442
1,889,1604593,1.604593
1,890,1609828,1.609828
1,891,1605931,1.605931
1,892,1604200,1.6042
1,893,1609101,1.609101
1,894,1605091,1.605091
1,895,1608809,1.608809
1,896,1610167,1.610167
1,897,1608160,1.60816
1,898,1610162,1.610162
1,899,1612931,1.612931
1,900,1603528,1.603528
1,901,1609946,1.609946
1,902,1619769,1.619769
1,903,1604510,1.60451
1,904,1608682,1.608682
1,905,1611357,1.611357
1,906,1611093,1.611093
1,907,1603549,1.603549
1,908,1613909,1.613909
1,909,1611295,1.611295
1,910,1609860,1.60986
1,911,1613069,1.613069
1,912,1611808,1.611808
1,913,1605421,1.605421
1,914,1613348,1.613348
1,915,1602909,1.602909
1,916,1612247,1.612247
1,917,1602805,1.602805
1,918,1610735,1.610735
1,919,1608604,1.608604
1,920,1606352,1.606352
1,921,1606140,1.60614
1,922,1603059,1.603059
1,923,1602447,1.602447
1,924,1605413,1.605413
1,925,1607558,1.607558
1,926,1611277,1.611277
1,927,1609808,1.609808
1,928,1608529,1.608529
1,929,1600327,1.600327
1,930,1596741,1.596741
1,931,1601772,1.601772
1,932,1606413,1.606413
1,933,1603958,1.603958
1,934,1612266,1.612266
1,935,1607476,1.607476
1,936,1603483,1.603483
1,937,1610195,1.610195
1,938,1603233,1.603233
1,939,1609257,1.609257
1,940,1604671,1.604671
1,941,1609589,1.609589
1,942,1598532,1.598532
1,943,1639316,1.639316
1,944,1610481,1.610481
1,945,1601631,1.601631
1,946,1609578,1.609578
1,947,1602674,1.602674
1,948,1610495,1.610495
1,949,2467440,2.46744
1,950,1607413,1.607413
1,951,1652267,1.652267
1,952,1616238,1.616238
1,953,1610131,1.610131
1,954,1624765,1.624765
1,955,1600594,1.600594
1,956,1610475,1.610475
1,957,1602926,1.602926
1,958,1613195,1.613195
1,959,1608771,1.608771
1,960,1610452,1.610452
1,961,1620217,1.620217
1,962,1613065,1.613065
1,963,1607039,1.607039
1,964,1614096,1.614096
1,965,1616616,1.616616
1,966,1610394,1.610394
1,967,1612842,1.612842
1,968,1611130,1.61113
1,969,1606799,1.606799
1,970,1599775,1.599775
1,971,1607113,1.607113
1,972,1609709,1.609709
1,973,1609488,1.609488
1,974,1613926,1.613926
1,975,1604157,1.604157
1,976,1608185,1.608185
1,977,1608156,1.608156
1,978,1604223,1.604223
1,979,1606864,1.606864
1,980,1604467,1.604467
1,981,1605331,1.605331
1,982,1607618,1.607618
1,983,1613012,1.613012
1,984,1608232,1.608232
1,985,1608805,1.608805
1,986,1612872,1.612872
1,987,1608066,1.608066
1,988,1605943,1.605943
1,989,1606266,1.606266
1,990,1608247,1.608247
1,991,1607592,1.607592
1,992,1602817,1.602817
1,993,1613810,1.61381
1,994,1603661,1.603661
1,995,1608042,1.608042
1,996,1600741,1.600741
1,997,1606304,1.606304
1,998,1603103,1.603103
1,999,1605125,1.605125
5,0,6924843,6.924843
5,1,6932336,6.932336
5,2,6930575,6.930575
5,3,6928505,6.928505
5,4,6928343,6.928343
5,5,6929914,6.929914
5,6,6928674,6.928674
5,7,6930648,6.930648
5,8,6928761,6.928761
5,9,6928085,6.928085
5,10,6923860,6.92386
5,11,6929981,6.929981
5,12,6931823,6.931823
5,13,6931972,6.931972
5,14,6932467,6.932467
5,15,6925599,6.925599
5,16,6925818,6.925818
5,17,6928669,6.928669
5,18,6927167,6.927167
5,19,6926814,6.926814
5,20,6930383,6.930383
5,21,6932932,6.932932
5,22,6931469,6.931469
5,23,6927422,6.927422
5,24,6926389,6.926389
5,25,6930972,6.930972
5,26,6931102,6.931102
5,27,6926278,6.926278
5,28,6930377,6.930377
5,29,6938997,6.938997
5,30,6924437,6.924437
5,31,6928678,6.928678
5,32,6924375,6.924375
5,33,6924818,6.924818
5,34,6925388,6.925388
5,35,6931002,6.931002
5,36,6931597,6.931597
5,37,6928979,6.928979
5,38,6928321,6.928321
5,39,6931401,6.931401
5,40,6927418,6.927418
5,41,6930836,6.930836
5,42,6928797,6.928797
5,43,6930276,6.930276
5,44,6930213,6.930213
5,45,6928613,6.928613
5,46,6925532,6.925532
5,47,6927610,6.92761
5,48,6929340,6.92934
5,49,6933587,6.933587
5,50,6951180,6.95118
5,51,6937346,6.937346
5,52,6944557,6.944557
5,53,6937257,6.937257
5,54,6942374,6.942374
5,55,6944746,6.944746
5,56,6934108,6.934108
5,57,6945726,6.945726
5,58,6945719,6.945719
5,59,6949722,6.949722
5,60,6940276,6.940276
5,61,6947614,6.947614
5,62,6939118,6.939118
5,63,6942398,6.942398
5,64,6932094,6.932094
5,65,6935157,6.935157
5,66,6931307,6.931307
5,67,6941743,6.941743
5,68,6956056,6.956056
5,69,6937450,6.93745
5,70,6937003,6.937003
5,71,6936301,6.936301
5,72,6936529,6.936529
5,73,6934130,6.93413
5,74,6933172,6.933172
5,75,6939789,6.939789
5,76,6931645,6.931645
5,77,6935375,6.935375
5,78,6931768,6.931768
5,79,6931167,6.931167
5,80,6932105,6.932105
5,81,6936489,6.936489
5,82,6940598,6.940598
5,83,6933209,6.933209
5,84,6936899,6.936899
5,85,6934373,6.934373
5,86,6937752,6.937752
5,87,6929953,6.929953
5,88,6936450,6.93645
5,89,6929681,6.929681
5,90,6936802,6.936802
5,91,6937284,6.937284
5,92,6955807,6.955807
5,93,6934321,6.934321
5,94,6929368,6.929368
5,95,6930709,6.930709
5,96,6944080,6.94408
5,97,6940757,6.940757
5,98,6939626,6.939626
5,99,6942223,6.942223
5,100,6931862,6.931862
5,101,6944931,6.944931
5,102,6930249,6.930249
5,103,6928074,6.928074
5,104,6929794,6.929794
5,105,6936011,6.936011
5,106,6935513,6.935513
5,107,6937363,6.937363
5,108,6929720,6.92972
5,109,6939712,6.939712
5,110,6931221,6.931221
5,111,6930120,6.93012
5,112,6935665,6.935665
5,113,6930354,6.930354
5,114,6934427,6.934427
5,115,6932611,6.932611
5,116,6936881,6.936881
5,117,6941464,6.941464
5,118,6943606,6.943606
5,119,6941465,6.941465
5,120,6931167,6.931167
5,121,6935866,6.935866
5,122,6940472,6.940472
5,123,6937794,6.937794
5,124,6941514,6.941514
5,125,6931648,6.931648
5,126,6933485,6.933485
5,127,6943169,6.943169
5,128,6937057,6.937057
5,129,6942326,6.942326
5,130,6933936,6.933936
5,131,6938379,6.938379
5,132,6932763,6.932763
5,133,6940275,6.940275
5,134,6932446,6.932446
5,135,6936259,6.936259
5,136,6934515,6.934515
5,137,6931935,6.931935
5,138,6930804,6.930804
5,139,6930139,6.930139
5,140,6933478,6.933478
5,141,6930974,6.930974
5,142,6937382,6.937382
5,143,6936045,6.936045
5,144,6941205,6.941205
5,145,6935672,6.935672
5,146,6930911,6.930911
5,147,6943993,6.943993
5,148,6938445,6.938445
5,149,6950187,6.950187
5,150,6932015,6.932015
5,151,6938519,6.938519
5,152,6936155,6.936155
5,153,6935510,6.93551
5,154,6937943,6.937943
5,155,6940525,6.940525
5,156,6948590,6.94859
5,157,6940646,6.940646
5,158,6937550,6.93755
5,159,6936502,6.936502
5,160,6933535,6.933535
5,161,6939297,6.939297
5,162,6934425,6.934425
5,163,6933903,6.933903
5,164,6934070,6.93407
5,165,6939786,6.939786
5,166,6938333,6.938333
5,167,6932144,6.932144
5,168,6937704,6.937704
5,169,6943649,6.943649
5,170,6942038,6.942038
5,171,6941924,6.941924
5,172,6936074,6.936074
5,173,6943218,6.943218
5,174,6939030,6.93903
5,175,6937454,6.937454
5,176,6938718,6.938718
5,177,6933082,6.933082
5,178,6931260,6.93126
5,179,6930669,6.930669
5,180,6932707,6.932707
5,181,6931485,6.931485
5,182,6945090,6.94509
5,183,6935256,6.935256
5,184,6929802,6.929802
5,185,6939653,6.939653
5,186,6935589,6.935589
5,187,6940252,6.940252
5,188,6943061,6.943061
5,189,6937693,6.937693
5,190,6930141,6.930141
5,191,6936908,6.936908
5,192,6938290,6.93829
5,193,6939990,6.93999
5,194,6943921,6.943921
5,195,6940019,6.940019
5,196,6942649,6.942649
5,197,6930897,6.930897
5,198,6937011,6.937011
5,199,6931054,6.931054
5,200,6939303,6.939303
5,201,6937826,6.937826
5,202,6929336,6.929336
5,203,6933551,6.933551
5,204,6941502,6.941502
5,205,6935972,6.935972
5,206,6938859,6.938859
5,207,6930313,6.930313
5,208,6936176,6.936176
5,209,6942220,6.94222
5,210,6932524,6.932524
5,211,6930529,6.930529
5,212,6934758,6.934758
5,213,6930157,6.930157
5,214,6941493,6.941493
5,215,6937019,6.937019
5,216,6931602,6.931602
5,217,6942386,6.942386
5,218,6945957,6.945957
5,219,6958899,6.958899
5,220,6932356,6.932356
5,221,6940821,6.940821
5,222,6939828,6.939828
5,223,6933336,6.933336
5,224,6935085,6.935085
5,225,6932386,6.932386
5,226,6934103,6.934103
5,227,6934481,6.934481
5,228,6943001,6.943001
5,229,6945556,6.945556
5,230,6935860,6.93586
5,231,6936076,6.936076
5,232,6941081,6.941081
5,233,6932271,6.932271
5,234,6933233,6.933233
5,235,6932125,6.932125
5,236,6934480,6.93448
5,237,6934430,6.93443
5,238,6932735,6.932735
5,239,6932137,6.932137
5,240,6931407,6.931407
5,241,6933164,6.933164
5,242,6941582,6.941582
5,243,6934308,6.934308
5,244,6930154,6.930154
5,245,6932900,6.9329
5,246,6934677,6.934677
5,247,6937544,6.937544
5,248,6936031,6.936031
5,249,6943773,6.943773
5,250,6936053,6.936053
5,251,6955965,6.955965
5,252,6942914,6.942914
5,253,6939071,6.939071
5,254,6943786,6.943786
5,255,6933136,6.933136
5,256,6934006,6.934006
5,257,6941848,6.941848
5,258,6934854,6.934854
5,259,6935597,6.935597
5,260,6942606,6.942606
5,261,6934990,6.93499
5,262,6931124,6.931124
5,263,6937173,6.937173
5,264,6940007,6.940007
5,265,6930921,6.930921
5,266,6946076,6.946076
5,267,6937795,6.937795
5,268,6943937,6.943937
5,269,6944837,6.944837
5,270,6931422,6.931422
5,271,6928502,6.928502
5,272,6931727,6.931727
5,273,6929594,6.929594
5,274,6932292,6.932292
5,275,6930025,6.930025
5,276,6928983,6.928983
5,277,6928894,6.928894
5,278,6930547,6.930547
5,279,6930956,6.930956
5,280,6938084,6.938084
5,281,6934631,6.934631
5,282,6932084,6.932084
5,283,6945130,6.94513
5,284,6931067,6.931067
5,285,6941091,6.941091
5,286,6930874,6.930874
5,287,6936027,6.936027
5,288,6928734,6.928734
5,289,6939326,6.939326
5,290,6932986,6.932986
5,291,6938469,6.938469
5,292,6935922,6.935922
5,293,6931622,6.931622
5,294,6938678,6.938678
5,295,6930435,6.930435
5,296,6944490,6.94449
5,297,6939419,6.939419
5,298,6940699,6.940699
5,299,6934995,6.934995
5,300,6941005,6.941005
5,301,6934248,6.934248
5,302,6945125,6.945125
5,303,6939564,6.939564
5,304,6938593,6.938593
5,305,6936995,6.936995
5,306,6939882,6.939882
5,307,6930272,6.930272
5,308,6935254,6.935254
5,309,6935872,6.935872
5,310,6942243,6.942243
5,311,6935794,6.935794
5,312,6939217,6.939217
5,313,6934069,6.934069
5,314,6930298,6.930298
5,315,6949474,6.949474
5,316,6934476,6.934476
5,317,6939369,6.939369
5,318,6942975,6.942975
5,319,6939390,6.93939
5,320,6937106,6.937106
5,321,6956225,6.956225
5,322,6937633,6.937633
5,323,6933880,6.93388
5,324,6940765,6.940765
5,325,6931857,6.931857
5,326,6936851,6.936851
5,327,6943161,6.943161
5,328,6933809,6.933809
5,329,6942504,6.942504
5,330,6933210,6.93321
5,331,6933751,6.933751
5,332,6943500,6.9435
5,333,6941767,6.941767
5,334,6938174,6.938174
5,335,6931201,6.931201
5,336,6941547,6.941547
5,337,6957105,6.957105
5,338,6943581,6.943581
5,339,6945169,6.945169
5,340,6942617,6.942617
5,341,6941480,6.94148
5,342,6942015,6.942015
5,343,6940277,6.940277
5,344,6940505,6.940505
5,345,6939270,6.93927
5,346,6944196,6.944196
5,347,6937658,6.937658
5,348,6930761,6.930761
5,349,6933652,6.933652
5,350,6937177,6.937177
5,351,6936215,6.936215
5,352,6930192,6.930192
5,353,6933812,6.933812
5,354,6937990,6.93799
5,355,6939453,6.939453
5,356,6932376,6.932376
5,357,6933819,6.933819
5,358,6931730,6.93173
5,359,6935498,6.935498
5,360,6951053,6.951053
5,361,6935058,6.935058
5,362,6946147,6.946147
5,363,6949090,6.94909
5,364,6937840,6.93784
5,365,6945686,6.945686
5,366,6935187,6.935187
5,367,6940180,6.94018
5,368,6931340,6.93134
5,369,6944812,6.944812
5,370,6933083,6.933083
5,371,6961993,6.961993
5,372,6940176,6.940176
5,373,6943348,6.943348
5,374,6944038,6.944038
5,375,6940637,6.940637
5,376,6944210,6.94421
5,377,6934269,6.934269
5,378,6944033,6.944033
5,379,6941098,6.941098
5,380,6963093,6.963093
5,381,6941637,6.941637
5,382,6940325,6.940325
5,383,6931644,6.931644
5,384,6948742,6.948742
5,385,6939193,6.939193
5,386,6935357,6.935357
5,387,6932933,6.932933
5,388,6936369,6.936369
5,389,6936054,6.936054
5,390,6929833,6.929833
5,391,6934759,6.934759
5,392,6933786,6.933786
5,393,6936282,6.936282
5,394,6931630,6.93163
5,395,6936283,6.936283
5,396,6937832,6.937832
5,397,6944416,6.944416
5,398,6934173,6.934173
5,399,6937484,6.937484
5,400,6932078,6.932078
5,401,6934271,6.934271
5,402,6940325,6.940325
5,403,6936465,6.936465
5,404,6937907,6.937907
5,405,6939933,6.939933
5,406,6935057,6.935057
5,407,6935612,6.935612
5,408,6938391,6.938391
5,409,6938542,6.938542
5,410,6951181,6.951181
5,411,6936166,6.936166
5,412,6937208,6.937208
5,413,6941253,6.941253
5,414,6949961,6.949961
5,415,6936118,6.936118
5,416,6933952,6.933952
5,417,6933564,6.933564
5,418,6939314,6.939314
5,419,6939734,6.939734
5,420,6930323,6.930323
5,421,6938012,6.938012
5,422,6934992,6.934992
5,423,6936819,6.936819
5,424,6933274,6.933274
5,425,6937065,6.937065
5,426,6929224,6.929224
5,427,6937601,6.937601
5,428,6944948,6.944948
5,429,6932852,6.932852
5,430,6939374,6.939374
5,431,6940864,6.940864
5,432,6932099,6.932099
5,433,6942289,6.942289
5,434,6938036,6.938036
5,435,6935718,6.935718
5,436,6935372,6.935372
5,437,6935998,6.935998
5,438,6942689,6.942689
5,439,6935803,6.935803
5,440,6933810,6.93381
5,441,6936457,6.936457
5,442,6945837,6.945837
5,443,6937182,6.937182
5,444,6932510,6.93251
5,445,6932539,6.932539
5,446,6934273,6.934273
5,447,6932386,6.932386
5,448,6938193,6.938193
5,449,6938887,6.938887
5,450,6938013,6.938013
5,451,6933103,6.933103
5,452,6934170,6.93417
5,453,6935603,6.935603
5,454,6932639,6.932639
5,455,6936258,6.936258
5,456,6933457,6.933457
5,457,6934920,6.93492
5,458,6936745,6.936745
5,459,6942988,6.942988
5,460,6934213,6.934213
5,461,6937132,6.937132
5,462,6939518,6.939518
5,463,6934814,6.934814
5,464,6933406,6.933406
5,465,6934180,6.93418
5,466,6939417,6.939417
5,467,6931482,6.931482
5,468,6937157,6.937157
5,469,6933510,6.93351
5,470,6938532,6.938532
5,471,6938361,6.938361
5,472,6937924,6.937924
5,473,6936947,6.936947
5,474,6930046,6.930046
5,475,6930089,6.930089
5,476,6935430,6.93543
5,477,6941961,6.941961
5,478,6935979,6.935979
5,479,6940268,6.940268
5,480,6943657,6.943657
5,481,6944173,6.944173
5,482,6946459,6.946459
5,483,6946707,6.946707
5,484,6937594,6.937594
5,485,6936145,6.936145
5,486,6944910,6.94491
5,487,6936981,6.936981
5,488,6929856,6.929856
5,489,6932996,6.932996
5,490,6939675,6.939675
5,491,6939596,6.939596
5,492,6933974,6.933974
5,493,6935139,6.935139
5,494,6929760,6.92976
5,495,6929910,6.92991
5,496,6935317,6.935317
5,497,6928379,6.928379
5,498,6938982,6.938982
5,499,6941281,6.941281
5,500,6933883,6.933883
5,501,6943241,6.943241
5,502,6935323,6.935323
5,503,6936663,6.936663
5,504,6931257,6.931257
5,505,6945930,6.94593
5,506,6939347,6.939347
5,507,6939348,6.939348
5,508,6933331,6.933331
5,509,6938674,6.938674
5,510,6938255,6.938255
5,511,6941574,6.941574
5,512,6942536,6.942536
5,513,6941619,6.941619
5,514,7108127,7.108127
5,515,6946386,6.946386
5,516,6944682,6.944682
5,517,6947266,6.947266
5,518,6934731,6.934731
5,519,6938094,6.938094
5,520,6932639,6.932639
5,521,6936462,6.936462
5,522,6936142,6.936142
5,523,6930928,6.930928
5,524,6935575,6.935575
5,525,6938911,6.938911
5,526,6943053,6.943053
5,527,6985710,6.98571
5,528,6938847,6.938847
5,529,6933413,6.933413
5,530,6935532,6.935532
5,531,6935525,6.935525
5,532,6937555,6.937555
5,533,6943716,6.943716
5,534,6933774,6.933774
5,535,6937936,6.937936
5,536,6933297,6.933297
5,537,7874632,7.874632
5,538,6949033,6.949033
5,539,6943878,6.943878
5,540,6940586,6.940586
5,541,6935482,6.935482
5,542,6934266,6.934266
5,543,6930679,6.930679
5,544,6932572,6.932572
5,545,6932616,6.932616
5,546,6928689,6.928689
5,547,6932699,6.932699
5,548,6925981,6.925981
5,549,6932446,6.932446
5,550,6926763,6.926763
5,551,6927666,6.927666
5,552,6926475,6.926475
5,553,6929457,6.929457
5,554,6929492,6.929492
5,555,6929039,6.929039
5,556,6925712,6.925712
5,557,6924313,6.924313
5,558,6928425,6.928425
5,559,6934142,6.934142
5,560,6925278,6.925278
5,561,6931056,6.931056
5,562,6932912,6.932912
5,563,6930772,6.930772
5,564,6931277,6.931277
5,565,6933107,6.933107
5,566,6926517,6.926517
5,567,6928504,6.928504
5,568,6929829,6.929829
5,569,6935051,6.935051
5,570,6930158,6.930158
5,571,6924124,6.924124
5,572,6925843,6.925843
5,573,6932363,6.932363
5,574,6929055,6.929055
5,575,6925004,6.925004
5,576,6928019,6.928019
5,577,6929799,6.929799
5,578,6927776,6.927776
5,579,6930257,6.930257
5,580,6926601,6.926601
5,581,6928309,6.928309
5,582,6933137,6.933137
5,583,6926835,6.926835
5,584,6928446,6.928446
5,585,6931162,6.931162
5,586,6932491,6.932491
5,587,6927928,6.927928
5,588,6924505,6.924505
5,589,6928115,6.928115
5,590,6931652,6.931652
5,591,6929089,6.929089
5,592,6924424,6.924424
5,593,6928772,6.928772
5,594,6928273,6.928273
5,595,6931053,6.931053
5,596,6932260,6.93226
5,597,6933270,6.93327
5,598,6925442,6.925442
5,599,6931314,6.931314
5,600,6935020,6.93502
5,601,6925192,6.925192
5,602,6928211,6.928211
5,603,6928824,6.928824
5,604,6925639,6.925639
5,605,6930611,6.930611
5,606,6925243,6.925243
5,607,6929863,6.929863
5,608,6931750,6.93175
5,609,6931095,6.931095
5,610,6927679,6.927679
5,611,6925183,6.925183
5,612,6925306,6.925306
5,613,6928470,6.92847
5,614,6924104,6.924104
5,615,6932784,6.932784
5,616,6925368,6.925368
5,617,6924928,6.924928
5,618,6932049,6.932049
5,619,6926917,6.926917
5,620,6928524,6.928524
5,621,6929370,6.92937
5,622,6930117,6.930117
5,623,6930433,6.930433
5,624,6932346,6.932346
5,625,6936235,6.936235
5,626,6947140,6.94714
5,627,6936892,6.936892
5,628,6932543,6.932543
5,629,6936826,6.936826
5,630,6933400,6.9334
5,631,6934100,6.9341
5,632,6942525,6.942525
5,633,6936232,6.936232
5,634,6937432,6.937432
5,635,6937227,6.937227
5,636,6940317,6.940317
5,637,6945575,6.945575
5,638,6935860,6.93586
5,639,6938484,6.938484
5,640,6935175,6.935175
5,641,6939336,6.939336
5,642,6933778,6.933778
5,643,6930894,6.930894
5,644,6933618,6.933618
5,645,6934400,6.9344
5,646,6941981,6.941981
5,647,6932745,6.932745
5,648,6935734,6.935734
5,649,6938623,6.938623
5,650,6930974,6.930974
5,651,6935945,6.935945
5,652,6945307,6.945307
5,653,6934028,6.934028
5,654,6936554,6.936554
5,655,6933300,6.9333
5,656,6933605,6.933605
5,657,6942936,6.942936
5,658,6939950,6.93995
5,659,6937169,6.937169
5,660,6941103,6.941103
5,661,6944523,6.944523
5,662,6933540,6.93354
5,663,6929061,6.929061
5,664,6947268,6.947268
5,665,6938698,6.938698
5,666,6932942,6.932942
5,667,6939793,6.939793
5,668,6938693,6.938693
5,669,6931483,6.931483
5,670,6940816,6.940816
5,671,6940426,6.940426
5,672,6935926,6.935926
5,673,6941159,6.941159
5,674,6935444,6.935444
5,675,6929319,6.929319
5,676,6984038,6.984038
5,677,6934029,6.934029
5,678,6933026,6.933026
5,679,6930194,6.930194
5,680,6929892,6.929892
5,681,6934230,6.93423
5,682,6955404,6.955404
5,683,6937481,6.937481
5,684,6940703,6.940703
5,685,6962440,6.96244
5,686,6945495,6.945495
5,687,6935604,6.935604
5,688,6934040,6.93404
5,689,6937663,6.937663
5,690,6935850,6.93585
5,691,6936688,6.936688
5,692,6939086,6.939086
5,693,6941129,6.941129
5,694,6936514,6.936514
5,695,6933180,6.93318
5,696,6946505,6.946505
5,697,6934123,6.934123
5,698,6938812,6.938812
5,699,6949651,6.949651
5,700,6960606,6.960606
5,701,6942109,6.942109
5,702,6940357,6.940357
5,703,6949236,6.949236
5,704,6937660,6.93766
5,705,6943402,6.943402
5,706,6940645,6.940645
5,707,6932479,6.932479
5,708,6936998,6.936998
5,709,6934350,6.93435
5,710,6939620,6.93962
5,711,6935372,6.935372
5,712,6937472,6.937472
5,713,6938298,6.938298
5,714,6933731,6.933731
5,715,6937894,6.937894
5,716,6940121,6.940121
5,717,6942284,6.942284
5,718,6935078,6.935078
5,719,6942506,6.942506
5,720,6941174,6.941174
5,721,6938048,6.938048
5,722,6933720,6.93372
5,723,6930215,6.930215
5,724,6940648,6.940648
5,725,6941409,6.941409
5,726,6942211,6.942211
5,727,6944049,6.944049
5,728,6932748,6.932748
5,729,6941950,6.94195
5,730,6942696,6.942696
5,731,6961736,6.961736
5,732,6948079,6.948079
5,733,6936144,6.936144
5,734,6944283,6.944283
5,735,6939002,6.939002
5,736,6935714,6.935714
5,737,6940625,6.940625
5,738,6946447,6.946447
5,739,6930789,6.930789
5,740,6944889,6.944889
5,741,6942264,6.942264
5,742,6943742,6.943742
5,743,6931985,6.931985
5,744,6938930,6.93893
5,745,6941351,6.941351
5,746,6940465,6.940465
5,747,6941074,6.941074
5,748,6935392,6.935392
5,749,6939687,6.939687
5,750,6931311,6.931311
5,751,6942178,6.942178
5,752,6942816,6.942816
5,753,6933641,6.933641
5,754,6942198,6.942198
5,755,6934423,6.934423
5,756,6940778,6.940778
5,757,6935481,6.935481
5,758,6933160,6.93316
5,759,6938008,6.938008
5,760,6940368,6.940368
5,761,6938318,6.938318
5,762,6933593,6.933593
5,763,6936972,6.936972
5,764,6936951,6.936951
5,765,6944036,6.944036
5,766,6935876,6.935876
5,767,6935106,6.935106
5,768,6939030,6.93903
5,769,6932773,6.932773
5,770,6962313,6.962313
5,771,6950757,6.950757
5,772,6943101,6.943101
5,773,6939445,6.939445
5,774,6942456,6.942456
5,775,6933800,6.9338
5,776,6930180,6.93018
5,777,6931911,6.931911
5,778,6941607,6.941607
5,779,6936292,6.936292
5,780,6933318,6.933318
5,781,6937203,6.937203
5,782,6940939,6.940939
5,783,6929894,6.929894
5,784,6939512,6.939512
5,785,6940650,6.94065
5,786,6933154,6.933154
5,787,6934573,6.934573
5,788,6949913,6.949913
5,789,6932918,6.932918
5,790,6936311,6.936311
5,791,6938410,6.93841
5,792,6939727,6.939727
5,793,6938953,6.938953
5,794,6940126,6.940126
5,795,6933785,6.933785
5,796,6944884,6.944884
5,797,6936498,6.936498
5,798,6937359,6.937359
5,799,6934856,6.934856
5,800,6929432,6.929432
5,801,6938759,6.938759
5,802,6952449,6.952449
5,803,6941439,6.941439
5,804,6938602,6.938602
5,805,6940927,6.940927
5,806,6933574,6.933574
5,807,6938961,6.938961
5,808,6931568,6.931568
5,809,6934164,6.934164
5,810,6939774,6.939774
5,811,6934596,6.934596
5,812,6937041,6.937041
5,813,6944495,6.944495
5,814,6939873,6.939873
5,815,6932916,6.932916
5,816,6938762,6.938762
5,817,6939610,6.93961
5,818,6934282,6.934282
5,819,6939719,6.939719
5,820,6946682,6.946682
5,821,6935016,6.935016
5,822,6937773,6.937773
5,823,6943512,6.943512
5,824,6930117,6.930117
5,825,6933727,6.933727
5,826,6931128,6.931128
5,827,6925439,6.925439
5,828,6931376,6.931376
5,829,6925758,6.925758
5,830,6925415,6.925415
5,831,6924207,6.924207
5,832,6928225,6.928225
5,833,6925068,6.925068
5,834,6927373,6.927373
5,835,6929842,6.929842
5,836,6925873,6.925873
5,837,6926479,6.926479
5,838,6928184,6.928184
5,839,6924046,6.924046
5,840,6925301,6.925301
5,841,6930309,6.930309
5,842,6928499,6.928499
5,843,6928125,6.928125
5,844,6931230,6.93123
5,845,6927230,6.92723
5,846,6925230,6.92523
5,847,6929699,6.929699
5,848,6935698,6.935698
5,849,6934529,6.934529
5,850,6936295,6.936295
5,851,6938382,6.938382
5,852,6934800,6.9348
5,853,6926574,6.926574
5,854,6936433,6.936433
5,855,6928434,6.928434
5,856,6931276,6.931276
5,857,6929063,6.929063
5,858,6928927,6.928927
5,859,6927054,6.927054
5,860,6932061,6.932061
5,861,6931367,6.931367
5,862,6933022,6.933022
5,863,6928703,6.928703
5,864,6928381,6.928381
5,865,6928611,6.928611
5,866,6930798,6.930798
5,867,6928017,6.928017
5,868,6929959,6.929959
5,869,6928623,6.928623
5,870,6929434,6.929434
5,871,6931518,6.931518
5,872,6929848,6.929848
5,873,6931139,6.931139
5,874,6925091,6.925091
5,875,6926228,6.926228
5,876,6932452,6.932452
5,877,6929631,6.929631
5,878,6927929,6.927929
5,879,6931436,6.931436
5,880,6931124,6.931124
5,881,6927198,6.927198
5,882,6932623,6.932623
5,883,6930759,6.930759
5,884,6929900,6.9299
5,885,6929197,6.929197
5,886,6932174,6.932174
5,887,6926493,6.926493
5,888,6923804,6.923804
5,889,6927206,6.927206
5,890,6925301,6.925301
5,891,6926341,6.926341
5,892,6923902,6.923902
5,893,6925919,6.925919
5,894,6932276,6.932276
5,895,6928510,6.92851
5,896,6927997,6.927997
5,897,6926708,6.926708
5,898,6932111,6.932111
5,899,6928099,6.928099
5,900,6928886,6.928886
5,901,6935255,6.935255
5,902,6935657,6.935657
5,903,6934241,6.934241
5,904,6941221,6.941221
5,905,6936774,6.936774
5,906,6934918,6.934918
5,907,6936453,6.936453
5,908,6946193,6.946193
5,909,6937375,6.937375
5,910,6931505,6.931505
5,911,6941910,6.94191
5,912,6931707,6.931707
5,913,6966480,6.96648
5,914,6938179,6.938179
5,915,6942595,6.942595
5,916,6943218,6.943218
5,917,6933060,6.93306
5,918,6945146,6.945146
5,919,6929624,6.929624
5,920,6934403,6.934403
5,921,6936219,6.936219
5,922,6935908,6.935908
5,923,6939743,6.939743
5,924,6939963,6.939963
5,925,6945104,6.945104
5,926,6935227,6.935227
5,927,6933228,6.933228
5,928,6929010,6.92901
5,929,6932104,6.932104
5,930,6937573,6.937573
5,931,6937982,6.937982
5,932,6939286,6.939286
5,933,6937212,6.937212
5,934,6937500,6.9375
5,935,6936251,6.936251
5,936,6930260,6.93026
5,937,6936576,6.936576
5,938,6952808,6.952808
5,939,6937702,6.937702
5,940,6932142,6.932142
5,941,6935778,6.935778
5,942,6935922,6.935922
5,943,6938289,6.938289
5,944,6937235,6.937235
5,945,6938149,6.938149
5,946,6934554,6.934554
5,947,6934748,6.934748
5,948,6945135,6.945135
5,949,6932987,6.932987
5,950,6946241,6.946241
5,951,6940406,6.940406
5,952,6938845,6.938845
5,953,6932008,6.932008
5,954,6933807,6.933807
5,955,6936942,6.936942
5,956,6930043,6.930043
5,957,6935650,6.93565
5,958,6933467,6.933467
5,959,6939370,6.93937
5,960,6934201,6.934201
5,961,6932601,6.932601
5,962,6938407,6.938407
5,963,6937470,6.93747
5,964,6934127,6.934127
5,965,6933893,6.933893
5,966,6933387,6.933387
5,967,6932392,6.932392
5,968,6929117,6.929117
5,969,6932565,6.932565
5,970,6932889,6.932889
5,971,6933627,6.933627
5,972,6931698,6.931698
5,973,6936014,6.936014
5,974,6929301,6.929301
5,975,6939671,6.939671
5,976,6942283,6.942283
5,977,6933407,6.933407
5,978,6941251,6.941251
5,979,6931200,6.9312
5,980,6930950,6.93095
5,981,6941944,6.941944
5,982,6931276,6.931276
5,983,6937395,6.937395
5,984,6937456,6.937456
5,985,6942002,6.942002
5,986,6937907,6.937907
5,987,6937304,6.937304
5,988,6942604,6.942604
5,989,6937346,6.937346
5,990,6931003,6.931003
5,991,6944457,6.944457
5,992,6936309,6.936309
5,993,6937933,6.937933
5,994,6945188,6.945188
5,995,6937648,6.937648
5,996,6938407,6.938407
5,997,6934949,6.934949
5,998,6938936,6.938936
5,999,6936253,6.936253
10,0,13599897,13.599897
10,1,13593406,13.593406
10,2,13599150,13.59915
10,3,13596024,13.596024
10,4,13602107,13.602107
10,5,13597379,13.597379
10,6,13658751,13.658751
10,7,13611933,13.611933
10,8,13616391,13.616391
10,9,13598571,13.598571
10,10,13597906,13.597906
10,11,13594940,13.59494
10,12,13611749,13.611749
10,13,13590971,13.590971
10,14,13602926,13.602926
10,15,13607758,13.607758
10,16,13602763,13.602763
10,17,13599777,13.599777
10,18,13593498,13.593498
10,19,13606712,13.606712
10,20,13599195,13.599195
10,21,13609879,13.609879
10,22,13608033,13.608033
10,23,13598797,13.598797
10,24,13601255,13.601255
10,25,13595132,13.595132
10,26,13603722,13.603722
10,27,13606131,13.606131
10,28,13599734,13.599734
10,29,13601590,13.60159
10,30,13599859,13.599859
10,31,13603731,13.603731
10,32,13600434,13.600434
10,33,13596190,13.59619
10,34,13601222,13.601222
10,35,13600658,13.600658
10,36,13597523,13.597523
10,37,13614718,13.614718
10,38,13603907,13.603907
10,39,13606508,13.606508
10,40,13602633,13.602633
10,41,13599173,13.599173
10,42,13599753,13.599753
10,43,13604900,13.6049
10,44,13605698,13.605698
10,45,13607907,13.607907
10,46,13599737,13.599737
10,47,13599416,13.599416
10,48,13597333,13.597333
10,49,13595902,13.595902
10,50,13594185,13.594185
10,51,13599578,13.599578
10,52,13600198,13.600198
10,53,13604066,13.604066
10,54,13596016,13.596016
10,55,13600985,13.600985
10,56,13598318,13.598318
10,57,13592573,13.592573
10,58,13596331,13.596331
10,59,13595501,13.595501
10,60,13595148,13.595148
10,61,13593962,13.593962
10,62,13598685,13.598685
10,63,13599196,13.599196
10,64,13598475,13.598475
10,65,13596798,13.596798
10,66,13603734,13.603734
10,67,13593068,13.593068
10,68,13594632,13.594632
10,69,13599501,13.599501
10,70,13605341,13.605341
10,71,13598219,13.598219
10,72,13599196,13.599196
10,73,13597029,13.597029
10,74,13608585,13.608585
10,75,13605205,13.605205
10,76,13603022,13.603022
10,77,13610963,13.610963
10,78,13595190,13.59519
10,79,13602776,13.602776
10,80,13607785,13.607785
10,81,13609132,13.609132
10,82,13596390,13.59639
10,83,13591754,13.591754
10,84,13599830,13.59983
10,85,13596875,13.596875
10,86,13595729,13.595729
10,87,13604198,13.604198
10,88,13598201,13.598201
10,89,13597342,13.597342
10,90,13605231,13.605231
10,91,13592845,13.592845
10,92,13600094,13.600094
10,93,13597281,13.597281
10,94,13600712,13.600712
10,95,13604318,13.604318
10,96,13594384,13.594384
10,97,13602930,13.60293
10,98,13598304,13.598304
10,99,13595559,13.595559
10,100,13591999,13.591999
10,101,13601564,13.601564
10,102,13598882,13.598882
10,103,13598121,13.598121
10,104,13601145,13.601145
10,105,13599347,13.599347
10,106,13597893,13.597893
10,107,13593540,13.59354
10,108,13604239,13.604239
10,109,13600913,13.600913
10,110,13605959,13.605959
10,111,13594358,13.594358
10,112,13593566,13.593566
10,113,13593651,13.593651
10,114,13599461,13.599461
10,115,14646280,14.64628
10,116,13596263,13.596263
10,117,13601895,13.601895
10,118,13595295,13.595295
10,119,13594331,13.594331
10,120,13591809,13.591809
10,121,13594675,13.594675
10,122,13592998,13.592998
10,123,13595858,13.595858
10,124,13588718,13.588718
10,125,13596757,13.596757
10,126,13591163,13.591163
10,127,13590351,13.590351
10,128,13601191,13.601191
10,129,13592146,13.592146
10,130,13600699,13.600699
10,131,13599468,13.599468
10,132,13602768,13.602768
10,133,13598051,13.598051
10,134,13595685,13.595685
10,135,13596581,13.596581
10,136,13605365,13.605365
10,137,13600668,13.600668
10,138,13598027,13.598027
10,139,13600668,13.600668
10,140,13603414,13.603414
10,141,13593571,13.593571
10,142,13600674,13.600674
10,143,13595607,13.595607
10,144,13596085,13.596085
10,145,13598169,13.598169
10,146,13631913,13.631913
10,147,13603276,13.603276
10,148,13598634,13.598634
10,149,13601086,13.601086
10,150,13597087,13.597087
10,151,13593137,13.593137
10,152,13602542,13.602542
10,153,13615311,13.615311
10,154,13598589,13.598589
10,155,13599048,13.599048
10,156,13592733,13.592733
10,157,13593431,13.593431
10,158,13593084,13.593084
10,159,13588202,13.588202
10,160,13593477,13.593477
10,161,13590294,13.590294
10,162,13589471,13.589471
10,163,13588278,13.588278
10,164,13593277,13.593277
10,165,13598319,13.598319
10,166,13587746,13.587746
10,167,13594030,13.59403
10,168,13590884,13.590884
10,169,13591544,13.591544
10,170,13591202,13.591202
10,171,13592116,13.592116
10,172,13595546,13.595546
10,173,13589259,13.589259
10,174,13594469,13.594469
10,175,13592749,13.592749
10,176,13591735,13.591735
10,177,13592432,13.592432
10,178,13593159,13.593159
10,179,13595503,13.595503
10,180,13587615,13.587615
10,181,13600190,13.60019
10,182,13599492,13.599492
10,183,13602067,13.602067
10,184,13598163,13.598163
10,185,13599195,13.599195
10,186,13597789,13.597789
10,187,13601892,13.601892
10,188,13595817,13.595817
10,189,13600221,13.600221
10,190,13591963,13.591963
10,191,13598274,13.598274
10,192,13605970,13.60597
10,193,13599351,13.599351
10,194,13597653,13.597653
10,195,13597746,13.597746
10,196,13594910,13.59491
10,197,13599581,13.599581
10,198,13595923,13.595923
10,199,13599144,13.599144
10,200,13604694,13.604694
10,201,13600958,13.600958
10,202,13602721,13.602721
10,203,13600537,13.600537
10,204,13607894,13.607894
10,205,13594242,13.594242
10,206,13593323,13.593323
10,207,13605401,13.605401
10,208,13595260,13.59526
10,209,13595959,13.595959
10,210,13604129,13.604129
10,211,13604327,13.604327
10,212,13594183,13.594183
10,213,13596138,13.596138
10,214,13594478,13.594478
10,215,13594038,13.594038
10,216,13594167,13.594167
10,217,13607091,13.607091
10,218,13596367,13.596367
10,219,13593439,13.593439
10,220,13597714,13.597714
10,221,13600012,13.600012
10,222,13598192,13.598192
10,223,13600097,13.600097
10,224,13603173,13.603173
10,225,13599336,13.599336
10,226,13604257,13.604257
10,227,13606271,13.606271
10,228,13597861,13.597861
10,229,13598724,13.598724
10,230,13602264,13.602264
10,231,13611908,13.611908
10,232,13602142,13.602142
10,233,13603616,13.603616
10,234,13602140,13.60214
10,235,13606304,13.606304
10,236,13604082,13.604082
10,237,13605321,13.605321
10,238,13604438,13.604438
10,239,13610003,13.610003
10,240,13612572,13.612572
10,241,13598073,13.598073
10,242,13596048,13.596048
10,243,13598193,13.598193
10,244,13597442,13.597442
10,245,13603626,13.603626
10,246,13604725,13.604725
10,247,13594522,13.594522
10,248,13593258,13.593258
10,249,13599932,13.599932
10,250,13607014,13.607014
10,251,13593738,13.593738
10,252,13600349,13.600349
10,253,13596555,13.596555
10,254,13599023,13.599023
10,255,13600275,13.600275
10,256,13596941,13.596941
10,257,13602699,13.602699
10,258,13604683,13.604683
10,259,13595670,13.59567
10,260,13594408,13.594408
10,261,13603367,13.603367
10,262,13604538,13.604538
10,263,13598532,13.598532
10,264,13606121,13.606121
10,265,13604332,13.604332
10,266,13600068,13.600068
10,267,13612614,13.612614
10,268,13599013,13.599013
10,269,13605700,13.6057
10,270,13603375,13.603375
10,271,13606081,13.606081
10,272,13604827,13.604827
10,273,13604188,13.604188
10,274,13594346,13.594346
10,275,13605891,13.605891
10,276,13596797,13.596797
10,277,13600131,13.600131
10,278,13598253,13.598253
10,279,13592411,13.592411
10,280,13599784,13.599784
10,281,13604220,13.60422
10,282,13601163,13.601163
10,283,13607085,13.607085
10,284,13603319,13.603319
10,285,13599056,13.599056
10,286,13601735,13.601735
10,287,13594648,13.594648
10,288,13592628,13.592628
10,289,13595269,13.595269
10,290,13594062,13.594062
10,291,13603799,13.603799
10,292,13598124,13.598124
10,293,13603708,13.603708
10,294,13599458,13.599458
10,295,13625959,13.625959
10,296,13601706,13.601706
10,297,13594749,13.594749
10,298,13603047,13.603047
10,299,13607406,13.607406
10,300,14346085,14.346085
10,301,13605651,13.605651
10,302,13610215,13.610215
10,303,13604308,13.604308
10,304,13603551,13.603551
10,305,13600308,13.600308
10,306,13599984,13.599984
10,307,13597571,13.597571
10,308,13598593,13.598593
10,309,13597460,13.59746
10,310,13603370,13.60337
10,311,13593656,13.593656
10,312,13603554,13.603554
10,313,13591505,13.591505
10,314,13601512,13.601512
10,315,13619228,13.619228
10,316,13600243,13.600243
10,317,13602351,13.602351
10,318,13606520,13.60652
10,319,13606767,13.606767
10,320,13599503,13.599503
10,321,13600558,13.600558
10,322,13608359,13.608359
10,323,13605804,13.605804
10,324,13601769,13.601769
10,325,13597249,13.597249
10,326,13600461,13.600461
10,327,13597905,13.597905
10,328,13601208,13.601208
10,329,13600393,13.600393
10,330,13597650,13.59765
10,331,13604421,13.604421
10,332,13596248,13.596248
10,333,13598751,13.598751
10,334,13601838,13.601838
10,335,13597237,13.597237
10,336,13607812,13.607812
10,337,13608290,13.60829
10,338,13610051,13.610051
10,339,13596250,13.59625
10,340,13600753,13.600753
10,341,13599377,13.599377
10,342,13597124,13.597124
10,343,13593642,13.593642
10,344,13600988,13.600988
10,345,13601966,13.601966
10,346,13593835,13.593835
10,347,13595705,13.595705
10,348,13603948,13.603948
10,349,13609215,13.609215
10,350,13603558,13.603558
10,351,13593486,13.593486
10,352,13593515,13.593515
10,353,13597344,13.597344
10,354,13598019,13.598019
10,355,13593725,13.593725
10,356,13613526,13.613526
10,357,13610149,13.610149
10,358,13602848,13.602848
10,359,13599375,13.599375
10,360,13603306,13.603306
10,361,13607373,13.607373
10,362,13614211,13.614211
10,363,13601483,13.601483
10,364,13597165,13.597165
10,365,13601876,13.601876
10,366,13602656,13.602656
10,367,13593169,13.593169
10,368,13603955,13.603955
10,369,13605862,13.605862
10,370,13599618,13.599618
10,371,13605844,13.605844
10,372,13602788,13.602788
10,373,13600973,13.600973
10,374,13605216,13.605216
10,375,13601563,13.601563
10,376,13602761,13.602761
10,377,13600026,13.600026
10,378,13600261,13.600261
10,379,13600179,13.600179
10,380,13598439,13.598439
10,381,13603364,13.603364
10,382,13605289,13.605289
10,383,13604075,13.604075
10,384,13602768,13.602768
10,385,13598346,13.598346
10,386,13621486,13.621486
10,387,13597915,13.597915
10,388,13604010,13.60401
10,389,13597796,13.597796
10,390,13592939,13.592939
10,391,13598574,13.598574
10,392,13600449,13.600449
10,393,13604816,13.604816
10,394,13610211,13.610211
10,395,13597480,13.59748
10,396,13598494,13.598494
10,397,13603487,13.603487
10,398,13600293,13.600293
10,399,13593125,13.593125
10,400,13597851,13.597851
10,401,13589971,13.589971
10,402,13614443,13.614443
10,403,13608479,13.608479
10,404,13600900,13.6009
10,405,13597058,13.597058
10,406,13591694,13.591694
10,407,13598494,13.598494
10,408,13593457,13.593457
10,409,13604614,13.604614
10,410,16184555,16.184555
10,411,13606575,13.606575
10,412,13597744,13.597744
10,413,13594959,13.594959
10,414,13596167,13.596167
10,415,13595440,13.59544
10,416,13592569,13.592569
10,417,13592963,13.592963
10,418,13609804,13.609804
10,419,13601149,13.601149
10,420,13603557,13.603557
10,421,13600908,13.600908
10,422,13596340,13.59634
10,423,13603966,13.603966
10,424,13592544,13.592544
10,425,13602854,13.602854
10,426,13602222,13.602222
10,427,13597088,13.597088
10,428,13594866,13.594866
10,429,13595588,13.595588
10,430,13597148,13.597148
10,431,13605204,13.605204
10,432,13601484,13.601484
10,433,13603382,13.603382
10,434,13600218,13.600218
10,435,13605421,13.605421
10,436,13600603,13.600603
10,437,13593927,13.593927
10,438,13609341,13.609341
10,439,13597125,13.597125
10,440,13600157,13.600157
10,441,13606090,13.60609
10,442,13595679,13.595679
10,443,13601784,13.601784
10,444,13594207,13.594207
10,445,13597926,13.597926
10,446,13598191,13.598191
10,447,13921232,13.921232
10,448,13604161,13.604161
10,449,13607583,13.607583
10,450,13602386,13.602386
10,451,13606489,13.606489
10,452,13598038,13.598038
10,453,13602752,13.602752
10,454,13602236,13.602236
10,455,13595199,13.595199
10,456,13624153,13.624153
10,457,13601766,13.601766
10,458,13607711,13.607711
10,459,13604382,13.604382
10,460,13600857,13.600857
10,461,13596442,13.596442
10,462,13601575,13.601575
10,463,13597379,13.597379
10,464,13604985,13.604985
10,465,13601814,13.601814
10,466,13597198,13.597198
10,467,13594250,13.59425
10,468,13596024,13.596024
10,469,13603173,13.603173
10,470,13597328,13.597328
10,471,13597085,13.597085
10,472,13594803,13.594803
10,473,13601571,13.601571
10,474,13594619,13.594619
10,475,13600740,13.60074
10,476,13601419,13.601419
10,477,13595876,13.595876
10,478,13593297,13.593297
10,479,13595772,13.595772
10,480,13595763,13.595763
10,481,13602349,13.602349
10,482,13595923,13.595923
10,483,13600633,13.600633
10,484,13593281,13.593281
10,485,13596618,13.596618
10,486,13595742,13.595742
10,487,13612759,13.612759
10,488,13597798,13.597798
10,489,13607060,13.60706
10,490,13596973,13.596973
10,491,13595993,13.595993
10,492,13595326,13.595326
10,493,13591024,13.591024
10,494,13602269,13.602269
10,495,13596367,13.596367
10,496,13602014,13.602014
10,497,13595138,13.595138
10,498,13593878,13.593878
10,499,13594682,13.594682
10,500,13597616,13.597616
10,501,13596019,13.596019
10,502,13596629,13.596629
10,503,13602281,13.602281
10,504,13599321,13.599321
10,505,13597296,13.597296
10,506,13599010,13.59901
10,507,13605507,13.605507
10,508,13604962,13.604962
10,509,13599359,13.599359
10,510,13605417,13.605417
10,511,13600363,13.600363
10,512,13588187,13.588187
10,513,13590722,13.590722
10,514,13589389,13.589389
10,515,13593066,13.593066
10,516,13588542,13.588542
10,517,13591612,13.591612
10,518,13585942,13.585942
10,519,13591850,13.59185
10,520,13589718,13.589718
10,521,13614352,13.614352
10,522,13596095,13.596095
10,523,13595682,13.595682
10,524,13587297,13.587297
10,525,13587096,13.587096
10,526,13593949,13.593949
10,527,13592648,13.592648
10,528,13585979,13.585979
10,529,13590614,13.590614
10,530,13592708,13.592708
10,531,13588299,13.588299
10,532,13591085,13.591085
10,533,13589931,13.589931
10,534,13597650,13.59765
10,535,13604319,13.604319
10,536,13603094,13.603094
10,537,13603936,13.603936
10,538,13595838,13.595838
10,539,13604964,13.604964
10,540,13603264,13.603264
10,541,13593350,13.59335
10,542,13601992,13.601992
10,543,13601856,13.601856
10,544,13604082,13.604082
10,545,13596458,13.596458
10,546,13605586,13.605586
10,547,13594579,13.594579
10,548,13605095,13.605095
10,549,13594484,13.594484
10,550,13598018,13.598018
10,551,13597500,13.5975
10,552,13597278,13.597278
10,553,13610132,13.610132
10,554,13595781,13.595781
10,555,13600802,13.600802
10,556,13603459,13.603459
10,557,13603893,13.603893
10,558,13598365,13.598365
10,559,13606259,13.606259
10,560,13614830,13.61483
10,561,13606082,13.606082
10,562,13595891,13.595891
10,563,13603062,13.603062
10,564,13605810,13.60581
10,565,13595599,13.595599
10,566,13606413,13.606413
10,567,13606253,13.606253
10,568,13599803,13.599803
10,569,13593787,13.593787
10,570,13596175,13.596175
10,571,13605202,13.605202
10,572,13597165,13.597165
10,573,13601075,13.601075
10,574,13591042,13.591042
10,575,13604881,13.604881
10,576,13602533,13.602533
10,577,13602578,13.602578
10,578,13595484,13.595484
10,579,13601767,13.601767
10,580,13605590,13.60559
10,581,13606945,13.606945
10,582,13604454,13.604454
10,583,13599560,13.59956
10,584,13606718,13.606718
10,585,13609227,13.609227
10,586,13606319,13.606319
10,587,13595610,13.59561
10,588,13597381,13.597381
10,589,13601991,13.601991
10,590,13599665,13.599665
10,591,13601779,13.601779
10,592,13597475,13.597475
10,593,13592131,13.592131
10,594,13616056,13.616056
10,595,13608477,13.608477
10,596,13601586,13.601586
10,597,13602376,13.602376
10,598,13595930,13.59593
10,599,13592365,13.592365
10,600,13593978,13.593978
10,601,13593008,13.593008
10,602,13593615,13.593615
10,603,13602191,13.602191
10,604,13605023,13.605023
10,605,13598099,13.598099
10,606,13604858,13.604858
10,607,13594886,13.594886
10,608,13597928,13.597928
10,609,13609211,13.609211
10,610,13594600,13.5946
10,611,13602257,13.602257
10,612,13609307,13.609307
10,613,13601623,13.601623
10,614,13607570,13.60757
10,615,13601877,13.601877
10,616,13610022,13.610022
10,617,13601055,13.601055
10,618,13599412,13.599412
10,619,13604609,13.604609
10,620,13598648,13.598648
10,621,13601645,13.601645
10,622,13592030,13.59203
10,623,13610215,13.610215
10,624,13631410,13.63141
10,625,13600863,13.600863
10,626,13601818,13.601818
10,627,13605066,13.605066
10,628,13600042,13.600042
10,629,13600501,13.600501
10,630,13593383,13.593383
10,631,13604207,13.604207
10,632,13607728,13.607728
10,633,13603568,13.603568
10,634,13598901,13.598901
10,635,13595274,13.595274
10,636,13598569,13.598569
10,637,13612230,13.61223
10,638,13600478,13.600478
10,639,13596836,13.596836
10,640,13598238,13.598238
10,641,13609741,13.609741
10,642,13602759,13.602759
10,643,13596433,13.596433
10,644,13594755,13.594755
10,645,13594343,13.594343
10,646,13597700,13.5977
10,647,13600578,13.600578
10,648,13610337,13.610337
10,649,13596486,13.596486
10,650,13599020,13.59902
10,651,13615203,13.615203
10,652,13599707,13.599707
10,653,13604827,13.604827
10,654,13603455,13.603455
10,655,13593603,13.593603
10,656,13593401,13.593401
10,657,13602608,13.602608
10,658,13596578,13.596578
10,659,13592922,13.592922
10,660,13602780,13.60278
10,661,13595671,13.595671
10,662,13599455,13.599455
10,663,13606593,13.606593
10,664,13605332,13.605332
10,665,13596620,13.59662
10,666,13600712,13.600712
10,667,13811560,13.81156
10,668,13611787,13.611787
10,669,13609257,13.609257
10,670,13603415,13.603415
10,671,13604404,13.604404
10,672,13601756,13.601756
10,673,13614486,13.614486
10,674,13601559,13.601559
10,675,13600003,13.600003
10,676,13594490,13.59449
10,677,13607339,13.607339
10,678,13590846,13.590846
10,679,13605487,13.605487
10,680,13619759,13.619759
10,681,13607465,13.607465
10,682,13602024,13.602024
10,683,13607229,13.607229
10,684,13595803,13.595803
10,685,13592402,13.592402
10,686,13599959,13.599959
10,687,13601213,13.601213
10,688,13596849,13.596849
10,689,13603382,13.603382
10,690,13600895,13.600895
10,691,13602066,13.602066
10,692,13599139,13.599139
10,693,13597290,13.59729
10,694,13599800,13.5998
10,695,13597290,13.59729
10,696,13599472,13.599472
10,697,13595474,13.595474
10,698,13597953,13.597953
10,699,13597138,13.597138
10,700,13601692,13.601692
10,701,13595941,13.595941
10,702,13602542,13.602542
10,703,13591485,13.591485
10,704,13591782,13.591782
10,705,13604110,13.60411
10,706,13608382,13.608382
10,707,13602215,13.602215
10,708,13600981,13.600981
10,709,13604438,13.604438
10,710,13596589,13.596589
10,711,13606342,13.606342
10,712,13611570,13.61157
10,713,13598752,13.598752
10,714,13594189,13.594189
10,715,13602495,13.602495
10,716,13598919,13.598919
10,717,13603945,13.603945
10,718,13595241,13.595241
10,719,13609116,13.609116
10,720,13593622,13.593622
10,721,13606262,13.606262
10,722,13598055,13.598055
10,723,13595706,13.595706
10,724,13600726,13.600726
10,725,13597947,13.597947
10,726,13592156,13.592156
10,727,13594704,13.594704
10,728,13593082,13.593082
10,729,13603376,13.603376
10,730,13605735,13.605735
10,731,13595487,13.595487
10,732,13604142,13.604142
10,733,13594105,13.594105
10,734,13605794,13.605794
10,735,13596432,13.596432
10,736,13603326,13.603326
10,737,13601111,13.601111
10,738,13594663,13.594663
10,739,13599205,13.599205
10,740,13603722,13.603722
10,741,13756884,13.756884
10,742,13604880,13.60488
10,743,13610473,13.610473
10,744,13600121,13.600121
10,745,13598878,13.598878
10,746,13597432,13.597432
10,747,13602369,13.602369
10,748,13595576,13.595576
10,749,13599357,13.599357
10,750,13595859,13.595859
10,751,13601724,13.601724
10,752,13602516,13.602516
10,753,13603516,13.603516
10,754,13596415,13.596415
10,755,13606017,13.606017
10,756,13598285,13.598285
10,757,13598260,13.59826
10,758,13597243,13.597243
10,759,13602645,13.602645
10,760,13596092,13.596092
10,761,13595370,13.59537
10,762,13600238,13.600238
10,763,13597368,13.597368
10,764,13593940,13.59394
10,765,13597619,13.597619
10,766,13606086,13.606086
10,767,13599032,13.599032
10,768,13598647,13.598647
10,769,13601380,13.60138
10,770,13609988,13.609988
10,771,13605107,13.605107
10,772,13601475,13.601475
10,773,13599213,13.599213
10,774,13599777,13.599777
10,775,13614671,13.614671
10,776,13609886,13.609886
10,777,13599737,13.599737
10,778,13596075,13.596075
10,779,13610177,13.610177
10,780,13601877,13.601877
10,781,13596956,13.596956
10,782,13594417,13.594417
10,783,13599971,13.599971
10,784,13599795,13.599795
10,785,13604129,13.604129
10,786,13593770,13.59377
10,787,13592284,13.592284
10,788,13592590,13.59259
10,789,13613661,13.613661
10,790,13598070,13.59807
10,791,13591830,13.59183
10,792,13591708,13.591708
10,793,13594518,13.594518
10,794,13599771,13.599771
10,795,13593181,13.593181
10,796,13592733,13.592733
10,797,13595716,13.595716
10,798,13590322,13.590322
10,799,13596556,13.596556
10,800,13599175,13.599175
10,801,13597620,13.59762
10,802,13604150,13.60415
10,803,13595057,13.595057
10,804,13601476,13.601476
10,805,13598338,13.598338
10,806,13595006,13.595006
10,807,13612974,13.612974
10,808,13604973,13.604973
10,809,13603671,13.603671
10,810,13599332,13.599332
10,811,13600854,13.600854
10,812,13601589,13.601589
10,813,13596407,13.596407
10,814,13605634,13.605634
10,815,13597610,13.59761
10,816,13609916,13.609916
10,817,13603055,13.603055
10,818,13592599,13.592599
10,819,13612394,13.612394
10,820,13605606,13.605606
10,821,13599505,13.599505
10,822,13601299,13.601299
10,823,13599042,13.599042
10,824,13595782,13.595782
10,825,13600814,13.600814
10,826,13593664,13.593664
10,827,13602894,13.602894
10,828,13608624,13.608624
10,829,13602467,13.602467
10,830,13602631,13.602631
10,831,13601551,13.601551
10,832,13607544,13.607544
10,833,13598423,13.598423
10,834,13599313,13.599313
10,835,13603552,13.603552
10,836,13602334,13.602334
10,837,13604893,13.604893
10,838,13593786,13.593786
10,839,13611833,13.611833
10,840,13594706,13.594706
10,841,13596262,13.596262
10,842,13590819,13.590819
10,843,13600736,13.600736
10,844,13599343,13.599343
10,845,13602212,13.602212
10,846,13601341,13.601341
10,847,13593530,13.59353
10,848,13594848,13.594848
10,849,13599910,13.59991
10,850,13596883,13.596883
10,851,15291394,15.291394
10,852,13600840,13.60084
10,853,13604260,13.60426
10,854,13596094,13.596094
10,855,13597543,13.597543
10,856,13594818,13.594818
10,857,13598487,13.598487
10,858,13601592,13.601592
10,859,13597622,13.597622
10,860,13598138,13.598138
10,861,13598344,13.598344
10,862,13594668,13.594668
10,863,13601671,13.601671
10,864,13615148,13.615148
10,865,13595109,13.595109
10,866,13599084,13.599084
10,867,13596901,13.596901
10,868,13596601,13.596601
10,869,13603572,13.603572
10,870,13606837,13.606837
10,871,13600707,13.600707
10,872,13600838,13.600838
10,873,13596988,13.596988
10,874,13598008,13.598008
10,875,13598337,13.598337
10,876,13601519,13.601519
10,877,13596420,13.59642
10,878,13598477,13.598477
10,879,13593127,13.593127
10,880,13598952,13.598952
10,881,13609167,13.609167
10,882,13601038,13.601038
10,883,13600558,13.600558
10,884,13603186,13.603186
10,885,13605539,13.605539
10,886,13601040,13.60104
10,887,13606335,13.606335
10,888,13597988,13.597988
10,889,13604998,13.604998
10,890,13604768,13.604768
10,891,13600108,13.600108
10,892,13599996,13.599996
10,893,13603469,13.603469
10,894,13600056,13.600056
10,895,13600024,13.600024
10,896,13650086,13.650086
10,897,13595999,13.595999
10,898,13591361,13.591361
10,899,13602567,13.602567
10,900,13591051,13.591051
10,901,13592254,13.592254
10,902,13606137,13.606137
10,903,13604537,13.604537
10,904,13601035,13.601035
10,905,13606993,13.606993
10,906,13603122,13.603122
10,907,13606100,13.6061
10,908,13595604,13.595604
10,909,13598589,13.598589
10,910,13596853,13.596853
10,911,13599628,13.599628
10,912,13606494,13.606494
10,913,13602375,13.602375
10,914,13597650,13.59765
10,915,13595672,13.595672
10,916,13613786,13.613786
10,917,13597526,13.597526
10,918,13601848,13.601848
10,919,13594120,13.59412
10,920,13599606,13.599606
10,921,13599468,13.599468
10,922,13594561,13.594561
10,923,13602787,13.602787
10,924,15583770,15.58377
10,925,13610982,13.610982
10,926,13597109,13.597109
10,927,13600466,13.600466
10,928,13612244,13.612244
10,929,13595182,13.595182
10,930,13590347,13.590347
10,931,13594725,13.594725
10,932,13599371,13.599371
10,933,13598293,13.598293
10,934,13608198,13.608198
10,935,13595420,13.59542
10,936,13596993,13.596993
10,937,13597797,13.597797
10,938,13593482,13.593482
10,939,13597022,13.597022
10,940,13597346,13.597346
10,941,13598220,13.59822
10,942,13592116,13.592116
10,943,13597078,13.597078
10,944,13596965,13.596965
10,945,13598191,13.598191
10,946,13604561,13.604561
10,947,13603673,13.603673
10,948,13595468,13.595468
10,949,13597200,13.5972
10,950,13599194,13.599194
10,951,13607133,13.607133
10,952,13595763,13.595763
10,953,13600309,13.600309
10,954,13602955,13.602955
10,955,13591723,13.591723
10,956,13596055,13.596055
10,957,13595218,13.595218
10,958,13599472,13.599472
10,959,13594885,13.594885
10,960,13593823,13.593823
10,961,13597326,13.597326
10,962,13602283,13.602283
10,963,13607769,13.607769
10,964,13609578,13.609578
10,965,13599531,13.599531
10,966,13613318,13.613318
10,967,13604354,13.604354
10,968,13604486,13.604486
10,969,13601168,13.601168
10,970,13606216,13.606216
10,971,13600920,13.60092
10,972,13602212,13.602212
10,973,13602170,13.60217
10,974,13600934,13.600934
10,975,13601788,13.601788
10,976,13599799,13.599799
10,977,13608187,13.608187
10,978,13600229,13.600229
10,979,13606619,13.606619
10,980,13599298,13.599298
10,981,13601916,13.601916
10,982,13605705,13.605705
10,983,13598060,13.59806
10,984,13605190,13.60519
10,985,13606367,13.606367
10,986,13591935,13.591935
10,987,13598124,13.598124
10,988,13604838,13.604838
10,989,13599516,13.599516
10,990,14631955,14.631955
10,991,13603266,13.603266
10,992,13599344,13.599344
10,993,13604588,13.604588
10,994,13604095,13.604095
10,995,13597512,13.597512
10,996,13607339,13.607339
10,997,13607303,13.607303
10,998,13605034,13.605034
10,999,13602685,13.602685
