scenario,run_id,sample,relative_seconds,busy_percent,bzy_mhz,pkg_watt
idle,1,0,0.000000,2.39,1315,3.87
idle,1,1,0.250000,3.52,2179,4.45
idle,1,2,0.500000,3.15,2209,4.50
idle,1,3,0.750000,7.80,2398,5.61
idle,1,4,1.000000,2.29,1097,3.74
idle,1,5,1.250000,3.62,2119,4.49
idle,1,6,1.500000,1.27,1095,3.65
idle,1,7,1.750000,5.97,1966,4.71
idle,1,8,2.000000,2.52,1637,4.13
idle,1,9,2.250000,3.27,2217,4.53
idle,1,10,2.500000,1.43,937,3.58
idle,1,11,2.750000,4.73,1929,4.48
idle,1,12,3.000000,2.29,1116,3.86
idle,1,13,3.250000,4.05,2112,4.65
idle,1,14,3.500000,2.20,996,3.72
idle,1,15,3.750000,18.65,3403,13.18
idle,1,16,4.000000,1.92,1349,3.80
idle,1,17,4.250000,3.39,2239,4.46
idle,1,18,4.500000,1.22,930,3.56
idle,1,19,4.750000,4.24,2033,4.43
idle,1,20,5.000000,1.91,1130,3.68
idle,1,21,5.250000,3.54,2138,4.54
idle,1,22,5.500000,1.43,1035,3.57
idle,1,23,5.750000,7.19,2527,5.73
idle,1,24,6.000000,1.86,1072,3.65
idle,1,25,6.250000,3.21,2282,4.50
idle,1,26,6.500000,1.52,935,3.59
idle,1,27,6.750000,6.79,2038,4.99
idle,1,28,7.000000,2.42,1216,3.87
idle,1,29,7.250000,3.36,2188,4.51
idle,1,30,7.500000,1.23,914,3.52
idle,1,31,7.750000,4.40,1987,4.65
idle,1,32,8.000000,1.91,1081,3.71
idle,1,33,8.250000,3.38,2108,4.47
idle,1,34,8.500000,1.51,913,3.61
idle,1,35,8.750000,4.38,2072,4.63
idle,1,36,9.000000,2.01,1237,3.82
idle,1,37,9.250000,3.45,2184,4.55
idle,1,38,9.500000,1.25,972,3.58
idle,1,39,9.750000,5.21,2075,4.91
idle,1,40,10.000000,1.67,1282,3.79
idle,1,41,10.250000,3.18,2240,4.43
idle,1,42,10.500000,1.38,961,3.58
idle,1,43,10.750000,4.98,2194,4.72
idle,1,44,11.000000,1.94,1232,3.75
idle,1,45,11.250000,3.29,2389,4.70
idle,1,46,11.500000,1.25,925,3.52
idle,1,47,11.750000,4.59,1945,4.53
idle,1,48,12.000000,2.53,1227,3.79
idle,1,49,12.250000,3.54,2002,4.48
idle,1,50,12.500000,1.46,941,3.56
idle,1,51,12.750000,4.58,1956,4.46
idle,1,52,13.000000,2.15,1075,3.73
idle,1,53,13.250000,3.80,2045,4.54
idle,1,54,13.500000,6.95,2765,6.24
idle,1,55,13.750000,18.50,3352,13.15
idle,1,56,14.000000,2.86,1291,3.89
idle,1,57,14.250000,3.02,2313,4.47
idle,1,58,14.500000,1.33,927,3.59
idle,1,59,14.750000,4.64,1942,4.51
idle,1,60,15.000000,2.46,1388,3.83
idle,1,61,15.250000,2.61,2267,4.40
idle,1,62,15.500000,1.20,954,3.56
idle,1,63,15.750000,4.88,2051,4.56
idle,1,64,16.000000,2.70,1695,4.00
idle,1,65,16.250000,2.11,2007,4.05
idle,1,66,16.500000,1.42,1053,3.57
idle,1,67,16.750000,4.79,1934,4.41
idle,1,68,17.000000,4.57,1665,4.50
idle,1,69,17.250000,1.99,1811,3.97
idle,1,70,17.500000,2.57,1422,3.53
idle,1,71,17.750000,4.05,1875,4.57
idle,1,72,18.000000,3.45,2267,4.65
idle,1,73,18.250000,1.32,965,3.55
idle,1,74,18.500000,3.34,1665,3.84
idle,1,75,18.750000,3.16,1615,4.15
idle,1,76,19.000000,5.21,2291,5.17
idle,1,77,19.250000,2.18,1064,3.65
idle,1,78,19.500000,3.36,1938,4.05
idle,1,79,19.750000,2.21,1708,3.97
idle,1,80,20.000000,3.28,2408,4.64
idle,1,81,20.250000,1.05,941,3.55
idle,1,82,20.500000,3.28,2061,4.21
idle,1,83,20.750000,2.50,1475,3.95
idle,1,84,21.000000,3.71,2147,4.52
idle,1,85,21.250000,1.36,934,3.55
idle,1,86,21.500000,3.68,1864,4.15
idle,1,87,21.750000,2.45,1456,3.89
idle,1,88,22.000000,5.32,2439,5.36
idle,1,89,22.250000,1.21,912,3.55
idle,1,90,22.500000,3.57,1923,4.20
idle,1,91,22.750000,2.65,1440,3.98
idle,1,92,23.000000,3.76,2111,4.50
idle,1,93,23.250000,1.51,967,3.58
idle,1,94,23.500000,6.39,2763,5.44
idle,1,95,23.750000,14.04,3329,11.32
idle,1,96,24.000000,3.74,2153,4.53
idle,1,97,24.250000,1.30,933,3.56
idle,1,98,24.500000,3.33,1898,4.09
idle,1,99,24.750000,2.62,1365,3.82
idle,1,100,25.000000,3.54,2300,4.55
idle,1,101,25.250000,1.39,924,3.55
idle,1,102,25.500000,3.56,1897,4.23
idle,1,103,25.750000,2.45,1458,3.86
idle,1,104,26.000000,3.51,2336,4.52
idle,1,105,26.250000,1.62,1086,3.63
idle,1,106,26.500000,3.65,1840,4.16
idle,1,107,26.750000,2.65,1435,3.86
idle,1,108,27.000000,4.07,2202,4.65
idle,1,109,27.250000,1.77,1088,3.62
idle,1,110,27.500000,3.23,2035,4.18
idle,1,111,27.750000,2.44,1453,3.83
idle,1,112,28.000000,3.48,2416,4.61
idle,1,113,28.250000,1.43,901,3.53
idle,1,114,28.500000,3.72,1811,4.11
idle,1,115,28.750000,2.70,1818,4.05
idle,1,116,29.000000,4.08,1975,4.41
idle,1,117,29.250000,1.52,978,3.57
idle,1,118,29.500000,3.69,1879,4.15
idle,1,119,29.750000,2.30,1499,3.92
kernel_single_fftwf,1,0,0.000000,27.24,3699,23.21
kernel_single_fftwf,1,1,0.250000,25.29,3700,22.03
kernel_single_fftwf,1,2,0.500000,27.10,3700,22.46
kernel_single_fftwf,1,3,0.750000,26.12,3700,22.45
kernel_single_fftwf,1,4,1.000000,27.33,3700,22.85
kernel_single_fftwf,1,5,1.250000,25.30,3700,22.13
kernel_single_fftwf,1,6,1.500000,27.00,3700,22.63
kernel_single_fftwf,1,7,1.750000,26.17,3700,22.41
kernel_single_fftwf,1,8,2.000000,31.74,3700,24.57
kernel_single_fftwf,1,9,2.250000,25.69,3700,22.51
kernel_single_fftwf,1,10,2.500000,27.02,3700,22.60
kernel_single_fftwf,1,11,2.750000,26.22,3700,22.56
kernel_single_fftwf,1,12,3.000000,27.43,3700,22.99
kernel_single_fftwf,1,13,3.250000,25.41,3700,22.21
kernel_single_fftwf,1,14,3.500000,35.93,3700,24.28
kernel_single_fftwf,1,15,3.750000,36.80,3700,26.05
kernel_single_fftwf,1,16,4.000000,27.38,3700,23.06
kernel_single_fftwf,1,17,4.250000,25.37,3700,22.30
kernel_single_fftwf,1,18,4.500000,27.02,3700,22.69
kernel_single_fftwf,1,19,4.750000,26.06,3700,22.52
kernel_single_fftwf,1,20,5.000000,27.34,3687,22.64
kernel_single_fftwf,1,21,5.250000,25.21,3700,22.32
kernel_single_fftwf,1,22,5.500000,27.13,3700,22.70
kernel_single_fftwf,1,23,5.750000,26.03,3696,22.44
kernel_single_fftwf,1,24,6.000000,27.25,3700,22.89
kernel_single_fftwf,1,25,6.250000,25.26,3700,22.19
kernel_single_fftwf,1,26,6.500000,27.23,3700,22.62
kernel_single_fftwf,1,27,6.750000,26.27,3700,22.39
kernel_single_fftwf,1,28,7.000000,27.27,3700,22.97
kernel_single_fftwf,1,29,7.250000,25.56,3700,22.20
kernel_single_fftwf,1,30,7.500000,27.14,3700,22.60
kernel_single_fftwf,1,31,7.750000,26.02,3700,22.28
kernel_single_fftwf,1,32,8.000000,27.26,3700,22.84
kernel_single_fftwf,1,33,8.250000,25.30,3700,22.22
kernel_single_fftwf,1,34,8.500000,27.14,3700,22.82
kernel_single_fftwf,1,35,8.750000,26.11,3690,22.48
kernel_single_fftwf,1,36,9.000000,27.37,3700,23.04
kernel_single_fftwf,1,37,9.250000,25.37,3700,22.28
kernel_single_fftwf,1,38,9.500000,27.87,3700,22.84
kernel_single_fftwf,1,39,9.750000,26.50,3700,22.59
kernel_single_fftwf,1,40,10.000000,27.25,3700,22.94
kernel_single_fftwf,1,41,10.250000,25.30,3700,22.24
kernel_single_fftwf,1,42,10.500000,27.14,3700,22.79
kernel_single_fftwf,1,43,10.750000,26.10,3700,22.50
kernel_single_fftwf,1,44,11.000000,27.35,3697,23.11
kernel_single_fftwf,1,45,11.250000,25.39,3700,22.27
kernel_single_fftwf,1,46,11.500000,27.19,3700,22.68
kernel_single_fftwf,1,47,11.750000,26.13,3700,22.56
kernel_single_fftwf,1,48,12.000000,27.41,3700,22.86
kernel_single_fftwf,1,49,12.250000,25.46,3700,22.53
kernel_single_fftwf,1,50,12.500000,27.40,3700,22.86
kernel_single_fftwf,1,51,12.750000,26.25,3700,22.48
kernel_single_fftwf,1,52,13.000000,27.24,3700,23.04
kernel_single_fftwf,1,53,13.250000,25.52,3700,22.30
kernel_single_fftwf,1,54,13.500000,38.22,3694,25.48
kernel_single_fftwf,1,55,13.750000,32.43,3700,25.04
kernel_single_fftwf,1,56,14.000000,27.89,3700,22.81
kernel_single_fftwf,1,57,14.250000,25.42,3700,22.00
kernel_single_fftwf,1,58,14.500000,27.18,3700,22.81
kernel_single_fftwf,1,59,14.750000,26.12,3676,22.29
kernel_single_fftwf,1,60,15.000000,27.33,3689,22.94
kernel_single_fftwf,1,61,15.250000,25.29,3700,22.17
kernel_single_fftwf,1,62,15.500000,27.09,3700,22.71
kernel_single_fftwf,1,63,15.750000,26.26,3700,22.51
kernel_single_fftwf,1,64,16.000000,27.50,3700,22.69
kernel_single_fftwf,1,65,16.250000,25.33,3700,22.38
kernel_single_fftwf,1,66,16.500000,27.27,3700,22.64
kernel_single_fftwf,1,67,16.750000,25.99,3700,22.90
kernel_single_fftwf,1,68,17.000000,27.32,3700,23.11
kernel_single_fftwf,1,69,17.250000,25.57,3700,22.27
kernel_single_fftwf,1,70,17.500000,27.03,3700,22.72
kernel_single_fftwf,1,71,17.750000,26.15,3700,22.45
kernel_single_fftwf,1,72,18.000000,27.29,3700,22.95
kernel_single_fftwf,1,73,18.250000,25.31,3700,22.19
kernel_single_fftwf,1,74,18.500000,27.21,3700,22.87
kernel_single_fftwf,1,75,18.750000,26.41,3700,22.72
kernel_single_fftwf,1,76,19.000000,27.36,3700,22.90
kernel_single_fftwf,1,77,19.250000,25.33,3700,22.13
kernel_single_fftwf,1,78,19.500000,27.33,3700,22.84
kernel_single_fftwf,1,79,19.750000,26.55,3700,22.67
kernel_single_fftwf,1,80,20.000000,27.21,3700,22.87
kernel_single_fftwf,1,81,20.250000,25.27,3700,22.08
kernel_single_fftwf,1,82,20.500000,27.24,3700,22.74
kernel_single_fftwf,1,83,20.750000,26.76,3700,22.84
kernel_single_fftwf,1,84,21.000000,27.89,3700,23.31
kernel_single_fftwf,1,85,21.250000,25.96,3700,22.75
kernel_single_fftwf,1,86,21.500000,27.98,3688,22.96
kernel_single_fftwf,1,87,21.750000,26.87,3693,22.80
kernel_single_fftwf,1,88,22.000000,27.89,3700,23.23
kernel_single_fftwf,1,89,22.250000,26.14,3700,22.63
kernel_single_fftwf,1,90,22.500000,28.17,3682,22.55
kernel_single_fftwf,1,91,22.750000,26.56,3664,23.34
kernel_single_fftwf,1,92,23.000000,28.03,3700,23.21
kernel_single_fftwf,1,93,23.250000,25.94,3700,22.26
kernel_single_fftwf,1,94,23.500000,42.93,3679,28.83
kernel_single_fftwf,1,95,23.750000,27.57,3700,23.22
kernel_single_fftwf,1,96,24.000000,27.86,3700,23.38
kernel_single_fftwf,1,97,24.250000,25.98,3700,22.36
kernel_single_fftwf,1,98,24.500000,27.98,3700,22.86
kernel_single_fftwf,1,99,24.750000,27.05,3633,22.70
kernel_single_fftwf,1,100,25.000000,28.50,3697,23.29
kernel_single_fftwf,1,101,25.250000,25.94,3700,22.76
kernel_single_fftwf,1,102,25.500000,28.00,3678,23.18
kernel_single_fftwf,1,103,25.750000,27.13,3699,22.98
kernel_single_fftwf,1,104,26.000000,27.88,3699,23.37
kernel_single_fftwf,1,105,26.250000,25.94,3697,22.68
kernel_single_fftwf,1,106,26.500000,29.02,3676,23.42
kernel_single_fftwf,1,107,26.750000,27.17,3680,22.96
kernel_single_fftwf,1,108,27.000000,27.88,3700,23.14
kernel_single_fftwf,1,109,27.250000,26.01,3652,22.32
kernel_single_fftwf,1,110,27.500000,28.21,3685,22.99
kernel_single_fftwf,1,111,27.750000,26.74,3700,23.13
kernel_single_fftwf,1,112,28.000000,27.88,3700,23.29
kernel_single_fftwf,1,113,28.250000,25.98,3700,22.64
kernel_single_fftwf,1,114,28.500000,27.88,3700,23.09
kernel_single_fftwf,1,115,28.750000,27.03,3688,23.00
kernel_single_fftwf,1,116,29.000000,27.80,3700,23.51
kernel_single_fftwf,1,117,29.250000,25.96,3682,22.57
kernel_single_fftwf,1,118,29.500000,27.86,3700,23.13
kernel_single_fftwf,1,119,29.750000,27.41,3676,22.91
idle,2,0,0.000000,16.09,3120,10.69
idle,2,1,0.250000,8.79,2524,6.91
idle,2,2,0.500000,5.54,1957,4.82
idle,2,3,0.750000,3.53,1044,3.66
idle,2,4,1.000000,5.69,1599,4.30
idle,2,5,1.250000,4.84,1265,4.01
idle,2,6,1.500000,5.55,1955,4.90
idle,2,7,1.750000,3.51,1047,3.74
idle,2,8,2.000000,5.81,1629,4.37
idle,2,9,2.250000,4.57,1313,4.03
idle,2,10,2.500000,5.62,1982,4.93
idle,2,11,2.750000,3.42,1043,3.66
idle,2,12,3.000000,5.62,1657,4.23
idle,2,13,3.250000,4.60,1484,4.30
idle,2,14,3.500000,5.46,1958,4.96
idle,2,15,3.750000,3.42,1082,3.75
idle,2,16,4.000000,8.15,2226,5.13
idle,2,17,4.250000,4.48,1352,4.11
idle,2,18,4.500000,5.72,1917,4.98
idle,2,19,4.750000,3.67,1110,3.78
idle,2,20,5.000000,5.79,1658,4.45
idle,2,21,5.250000,4.88,1360,4.25
idle,2,22,5.500000,5.48,2024,5.07
idle,2,23,5.750000,3.49,1057,3.86
idle,2,24,6.000000,6.12,1681,4.47
idle,2,25,6.250000,5.08,1929,4.85
idle,2,26,6.500000,5.56,1804,4.86
idle,2,27,6.750000,3.27,1074,3.82
idle,2,28,7.000000,5.41,1703,4.52
idle,2,29,7.250000,3.91,1329,4.02
idle,2,30,7.500000,3.59,2291,4.63
idle,2,31,7.750000,1.28,966,3.58
idle,2,32,8.000000,3.75,1821,4.15
idle,2,33,8.250000,3.05,1320,3.89
idle,2,34,8.500000,3.62,2134,4.49
idle,2,35,8.750000,1.23,891,3.53
idle,2,36,9.000000,3.59,1885,4.15
idle,2,37,9.250000,3.32,1459,3.97
idle,2,38,9.500000,3.97,2190,4.60
idle,2,39,9.750000,1.28,917,3.53
idle,2,40,10.000000,17.52,3367,12.34
idle,2,41,10.250000,3.14,2060,4.64
idle,2,42,10.500000,3.36,2196,4.44
idle,2,43,10.750000,1.23,927,3.53
idle,2,44,11.000000,3.44,1860,4.18
idle,2,45,11.250000,3.24,1289,3.86
idle,2,46,11.500000,4.01,2029,4.58
idle,2,47,11.750000,1.41,897,3.53
idle,2,48,12.000000,3.78,1856,4.21
idle,2,49,12.250000,2.79,1544,3.99
idle,2,50,12.500000,3.00,2419,4.51
idle,2,51,12.750000,1.19,877,3.52
idle,2,52,13.000000,3.63,1916,4.28
idle,2,53,13.250000,3.01,1384,3.99
idle,2,54,13.500000,3.76,2292,4.72
idle,2,55,13.750000,1.28,983,3.55
idle,2,56,14.000000,4.48,1835,4.34
idle,2,57,14.250000,3.12,1443,4.07
idle,2,58,14.500000,3.35,2270,4.47
idle,2,59,14.750000,1.21,920,3.54
idle,2,60,15.000000,3.81,1859,4.17
idle,2,61,15.250000,2.67,1681,4.13
idle,2,62,15.500000,3.69,2071,4.51
idle,2,63,15.750000,1.13,905,3.53
idle,2,64,16.000000,3.53,1841,4.13
idle,2,65,16.250000,2.90,1371,3.92
idle,2,66,16.500000,3.42,2150,4.52
idle,2,67,16.750000,1.16,917,3.53
idle,2,68,17.000000,3.49,1979,4.21
idle,2,69,17.250000,3.62,1524,4.07
idle,2,70,17.500000,3.35,2199,4.56
idle,2,71,17.750000,1.12,922,3.53
idle,2,72,18.000000,3.70,1849,4.17
idle,2,73,18.250000,3.12,1367,3.93
idle,2,74,18.500000,3.25,2290,4.49
idle,2,75,18.750000,1.06,887,3.53
idle,2,76,19.000000,3.70,1878,4.14
idle,2,77,19.250000,3.05,1691,4.11
idle,2,78,19.500000,3.51,2200,4.53
idle,2,79,19.750000,1.25,895,3.52
idle,2,80,20.000000,18.09,3414,13.00
idle,2,81,20.250000,2.80,1523,3.97
idle,2,82,20.500000,3.22,2236,4.41
idle,2,83,20.750000,1.14,889,3.47
idle,2,84,21.000000,3.56,1903,4.17
idle,2,85,21.250000,3.30,1327,3.95
idle,2,86,21.500000,3.32,2190,4.50
idle,2,87,21.750000,1.04,890,3.52
idle,2,88,22.000000,3.59,1858,4.15
idle,2,89,22.250000,2.81,1471,3.94
idle,2,90,22.500000,3.44,2271,4.50
idle,2,91,22.750000,1.08,903,3.52
idle,2,92,23.000000,4.05,1757,4.16
idle,2,93,23.250000,2.62,1588,4.00
idle,2,94,23.500000,3.65,2098,4.45
idle,2,95,23.750000,1.07,897,3.51
idle,2,96,24.000000,4.02,1770,4.14
idle,2,97,24.250000,3.00,1633,4.15
idle,2,98,24.500000,3.48,2083,4.40
idle,2,99,24.750000,1.21,889,3.51
idle,2,100,25.000000,4.04,1807,4.19
idle,2,101,25.250000,2.52,1682,4.18
idle,2,102,25.500000,3.40,2222,4.48
idle,2,103,25.750000,1.16,914,3.51
idle,2,104,26.000000,4.21,2077,4.26
idle,2,105,26.250000,1.83,1120,3.94
idle,2,106,26.500000,6.52,2359,5.17
idle,2,107,26.750000,1.19,891,3.52
idle,2,108,27.000000,4.71,2121,4.65
idle,2,109,27.250000,2.31,1085,3.71
idle,2,110,27.500000,3.52,2109,4.45
idle,2,111,27.750000,1.20,889,3.48
idle,2,112,28.000000,4.56,1995,4.56
idle,2,113,28.250000,2.07,1116,3.71
idle,2,114,28.500000,3.20,2332,4.52
idle,2,115,28.750000,1.27,891,3.53
idle,2,116,29.000000,4.40,2049,4.46
idle,2,117,29.250000,2.72,1136,3.81
idle,2,118,29.500000,3.41,2289,4.66
idle,2,119,29.750000,1.33,913,3.54
kernel_single_fftwf,2,0,0.000000,54.11,3695,30.96
kernel_single_fftwf,2,1,0.250000,59.25,3689,29.66
kernel_single_fftwf,2,2,0.500000,27.36,3686,23.08
kernel_single_fftwf,2,3,0.750000,25.33,3700,22.29
kernel_single_fftwf,2,4,1.000000,27.72,3688,23.10
kernel_single_fftwf,2,5,1.250000,25.91,3700,22.58
kernel_single_fftwf,2,6,1.500000,27.34,3700,23.34
kernel_single_fftwf,2,7,1.750000,25.32,3698,22.31
kernel_single_fftwf,2,8,2.000000,27.73,3700,23.19
kernel_single_fftwf,2,9,2.250000,25.71,3700,22.51
kernel_single_fftwf,2,10,2.500000,27.16,3700,23.09
kernel_single_fftwf,2,11,2.750000,25.40,3700,22.46
kernel_single_fftwf,2,12,3.000000,28.50,3700,23.51
kernel_single_fftwf,2,13,3.250000,25.74,3700,22.64
kernel_single_fftwf,2,14,3.500000,27.12,3700,23.18
kernel_single_fftwf,2,15,3.750000,25.35,3700,22.45
kernel_single_fftwf,2,16,4.000000,27.64,3700,23.22
kernel_single_fftwf,2,17,4.250000,25.76,3700,22.50
kernel_single_fftwf,2,18,4.500000,27.34,3700,22.78
kernel_single_fftwf,2,19,4.750000,25.37,3629,22.19
kernel_single_fftwf,2,20,5.000000,27.72,3700,23.05
kernel_single_fftwf,2,21,5.250000,25.78,3700,22.50
kernel_single_fftwf,2,22,5.500000,27.18,3700,22.87
kernel_single_fftwf,2,23,5.750000,25.32,3700,22.75
kernel_single_fftwf,2,24,6.000000,27.79,3700,23.31
kernel_single_fftwf,2,25,6.250000,25.57,3686,22.38
kernel_single_fftwf,2,26,6.500000,27.14,3700,23.01
kernel_single_fftwf,2,27,6.750000,25.32,3700,22.42
kernel_single_fftwf,2,28,7.000000,27.74,3700,23.10
kernel_single_fftwf,2,29,7.250000,26.12,3700,22.54
kernel_single_fftwf,2,30,7.500000,26.78,3683,23.11
kernel_single_fftwf,2,31,7.750000,25.34,3689,22.43
kernel_single_fftwf,2,32,8.000000,30.01,3622,23.30
kernel_single_fftwf,2,33,8.250000,26.60,3700,23.25
kernel_single_fftwf,2,34,8.500000,25.99,3700,22.71
kernel_single_fftwf,2,35,8.750000,25.32,3700,22.57
kernel_single_fftwf,2,36,9.000000,27.79,3689,23.03
kernel_single_fftwf,2,37,9.250000,27.74,3700,22.85
kernel_single_fftwf,2,38,9.500000,25.78,3700,22.98
kernel_single_fftwf,2,39,9.750000,26.51,3700,22.55
kernel_single_fftwf,2,40,10.000000,42.06,3684,29.02
kernel_single_fftwf,2,41,10.250000,27.26,3700,23.32
kernel_single_fftwf,2,42,10.500000,25.31,3700,22.35
kernel_single_fftwf,2,43,10.750000,26.81,3700,22.79
kernel_single_fftwf,2,44,11.000000,26.20,3697,22.80
kernel_single_fftwf,2,45,11.250000,27.53,3700,23.11
kernel_single_fftwf,2,46,11.500000,25.45,3700,22.50
kernel_single_fftwf,2,47,11.750000,26.87,3700,22.93
kernel_single_fftwf,2,48,12.000000,26.13,3673,22.54
kernel_single_fftwf,2,49,12.250000,27.34,3700,23.08
kernel_single_fftwf,2,50,12.500000,25.88,3697,22.53
kernel_single_fftwf,2,51,12.750000,26.93,3700,22.99
kernel_single_fftwf,2,52,13.000000,26.24,3700,22.75
kernel_single_fftwf,2,53,13.250000,28.35,3700,23.30
kernel_single_fftwf,2,54,13.500000,25.38,3700,22.51
kernel_single_fftwf,2,55,13.750000,26.90,3700,22.88
kernel_single_fftwf,2,56,14.000000,26.16,3700,22.76
kernel_single_fftwf,2,57,14.250000,27.32,3700,23.23
kernel_single_fftwf,2,58,14.500000,25.55,3700,22.37
kernel_single_fftwf,2,59,14.750000,27.11,3700,22.88
kernel_single_fftwf,2,60,15.000000,26.17,3700,22.69
kernel_single_fftwf,2,61,15.250000,29.88,3700,23.44
kernel_single_fftwf,2,62,15.500000,25.39,3700,22.30
kernel_single_fftwf,2,63,15.750000,26.95,3700,22.84
kernel_single_fftwf,2,64,16.000000,26.08,3700,22.64
kernel_single_fftwf,2,65,16.250000,27.26,3700,23.13
kernel_single_fftwf,2,66,16.500000,25.53,3700,22.43
kernel_single_fftwf,2,67,16.750000,26.98,3700,22.69
kernel_single_fftwf,2,68,17.000000,26.19,3675,22.52
kernel_single_fftwf,2,69,17.250000,27.34,3700,23.02
kernel_single_fftwf,2,70,17.500000,25.52,3700,22.65
kernel_single_fftwf,2,71,17.750000,27.05,3700,22.86
kernel_single_fftwf,2,72,18.000000,26.56,3700,22.77
kernel_single_fftwf,2,73,18.250000,27.27,3700,23.07
kernel_single_fftwf,2,74,18.500000,25.61,3689,22.12
kernel_single_fftwf,2,75,18.750000,26.78,3698,22.93
kernel_single_fftwf,2,76,19.000000,26.37,3700,22.41
kernel_single_fftwf,2,77,19.250000,27.41,3700,22.72
kernel_single_fftwf,2,78,19.500000,25.82,3693,22.77
kernel_single_fftwf,2,79,19.750000,31.32,3700,24.03
kernel_single_fftwf,2,80,20.000000,37.20,3689,27.46
kernel_single_fftwf,2,81,20.250000,27.31,3700,23.05
kernel_single_fftwf,2,82,20.500000,25.48,3700,22.44
kernel_single_fftwf,2,83,20.750000,26.93,3700,22.80
kernel_single_fftwf,2,84,21.000000,26.02,3700,22.54
kernel_single_fftwf,2,85,21.250000,27.28,3700,23.10
kernel_single_fftwf,2,86,21.500000,25.51,3700,22.36
kernel_single_fftwf,2,87,21.750000,26.99,3700,22.77
kernel_single_fftwf,2,88,22.000000,25.98,3700,22.69
kernel_single_fftwf,2,89,22.250000,27.24,3700,23.08
kernel_single_fftwf,2,90,22.500000,25.38,3700,22.26
kernel_single_fftwf,2,91,22.750000,27.02,3700,22.80
kernel_single_fftwf,2,92,23.000000,26.15,3700,22.65
kernel_single_fftwf,2,93,23.250000,27.44,3700,22.96
kernel_single_fftwf,2,94,23.500000,25.38,3700,22.34
kernel_single_fftwf,2,95,23.750000,27.03,3700,22.65
kernel_single_fftwf,2,96,24.000000,26.21,3700,22.43
kernel_single_fftwf,2,97,24.250000,27.16,3700,23.39
kernel_single_fftwf,2,98,24.500000,25.30,3700,22.24
kernel_single_fftwf,2,99,24.750000,27.26,3688,22.77
kernel_single_fftwf,2,100,25.000000,26.09,3700,22.61
kernel_single_fftwf,2,101,25.250000,27.33,3700,23.07
kernel_single_fftwf,2,102,25.500000,25.38,3700,22.44
kernel_single_fftwf,2,103,25.750000,27.15,3697,22.53
kernel_single_fftwf,2,104,26.000000,25.98,3667,22.36
kernel_single_fftwf,2,105,26.250000,27.26,3700,23.02
kernel_single_fftwf,2,106,26.500000,25.54,3700,22.06
kernel_single_fftwf,2,107,26.750000,26.92,3700,22.86
kernel_single_fftwf,2,108,27.000000,26.05,3700,22.65
kernel_single_fftwf,2,109,27.250000,27.30,3700,23.11
kernel_single_fftwf,2,110,27.500000,25.67,3700,22.40
kernel_single_fftwf,2,111,27.750000,27.08,3700,22.72
kernel_single_fftwf,2,112,28.000000,26.13,3700,22.68
kernel_single_fftwf,2,113,28.250000,31.71,3700,25.15
kernel_single_fftwf,2,114,28.500000,25.49,3700,22.44
kernel_single_fftwf,2,115,28.750000,27.14,3700,22.82
kernel_single_fftwf,2,116,29.000000,26.70,3700,22.84
kernel_single_fftwf,2,117,29.250000,27.47,3700,23.37
kernel_single_fftwf,2,118,29.500000,25.55,3700,22.50
kernel_single_fftwf,2,119,29.750000,34.26,3696,25.15
idle,3,0,0.000000,2.21,1080,3.74
idle,3,1,0.250000,4.33,2025,4.35
idle,3,2,0.500000,2.52,1350,3.75
idle,3,3,0.750000,22.04,3242,13.23
idle,3,4,1.000000,3.44,1642,3.93
idle,3,5,1.250000,3.60,1862,4.04
idle,3,6,1.500000,2.97,1447,3.74
idle,3,7,1.750000,4.36,2156,4.52
idle,3,8,2.000000,3.26,2471,4.21
idle,3,9,2.250000,7.40,2354,5.28
idle,3,10,2.500000,8.35,3033,6.61
idle,3,11,2.750000,3.74,2166,4.36
idle,3,12,3.000000,1.87,1105,3.48
idle,3,13,3.250000,4.02,1820,4.20
idle,3,14,3.500000,2.72,1413,3.81
idle,3,15,3.750000,3.98,2029,4.56
idle,3,16,4.000000,7.28,3067,6.76
idle,3,17,4.250000,3.42,1938,4.16
idle,3,18,4.500000,3.91,1702,4.30
idle,3,19,4.750000,4.65,2303,4.70
idle,3,20,5.000000,1.81,967,3.55
idle,3,21,5.250000,4.13,2023,4.15
idle,3,22,5.500000,3.16,1349,3.81
idle,3,23,5.750000,3.61,2232,4.60
idle,3,24,6.000000,1.71,941,3.52
idle,3,25,6.250000,3.56,1978,4.12
idle,3,26,6.500000,2.70,1313,3.75
idle,3,27,6.750000,4.06,2041,4.36
idle,3,28,7.000000,2.00,927,3.54
idle,3,29,7.250000,3.58,1909,4.05
idle,3,30,7.500000,2.95,1747,3.94
idle,3,31,7.750000,4.13,2085,4.54
idle,3,32,8.000000,1.85,1371,3.69
idle,3,33,8.250000,14.25,3285,8.88
idle,3,34,8.500000,9.91,3243,8.68
idle,3,35,8.750000,3.40,2490,4.53
idle,3,36,9.000000,1.63,1046,3.53
idle,3,37,9.250000,3.27,1973,4.09
idle,3,38,9.500000,2.55,1388,3.72
idle,3,39,9.750000,3.86,2251,4.60
idle,3,40,10.000000,1.68,988,3.49
idle,3,41,10.250000,3.46,1928,4.08
idle,3,42,10.500000,2.54,1583,3.92
idle,3,43,10.750000,3.93,2239,4.63
idle,3,44,11.000000,1.56,980,3.52
idle,3,45,11.250000,3.67,1888,4.18
idle,3,46,11.500000,2.40,1657,3.95
idle,3,47,11.750000,4.01,1972,4.54
idle,3,48,12.000000,1.26,930,3.49
idle,3,49,12.250000,3.71,1785,4.03
idle,3,50,12.500000,2.39,1446,3.78
idle,3,51,12.750000,4.25,1987,4.49
idle,3,52,13.000000,1.33,927,3.48
idle,3,53,13.250000,3.85,1812,4.10
idle,3,54,13.500000,2.56,1614,3.93
idle,3,55,13.750000,3.85,2227,4.48
idle,3,56,14.000000,1.36,901,3.45
idle,3,57,14.250000,4.06,1844,4.17
idle,3,58,14.500000,2.83,1256,3.77
idle,3,59,14.750000,3.38,2295,4.53
idle,3,60,15.000000,1.11,925,3.50
idle,3,61,15.250000,3.63,1827,4.13
idle,3,62,15.500000,2.74,1335,3.86
idle,3,63,15.750000,4.26,2015,4.56
idle,3,64,16.000000,1.23,918,3.52
idle,3,65,16.250000,3.61,1920,4.20
idle,3,66,16.500000,2.66,1440,3.83
idle,3,67,16.750000,3.37,2262,4.46
idle,3,68,17.000000,1.13,926,3.48
idle,3,69,17.250000,3.48,1919,4.16
idle,3,70,17.500000,2.41,1547,3.87
idle,3,71,17.750000,3.93,2185,4.64
idle,3,72,18.000000,1.43,895,3.55
idle,3,73,18.250000,14.41,3278,10.19
idle,3,74,18.500000,6.84,2883,6.63
idle,3,75,18.750000,3.44,2318,4.65
idle,3,76,19.000000,1.14,916,3.52
idle,3,77,19.250000,3.61,2040,4.24
idle,3,78,19.500000,2.61,1374,3.83
idle,3,79,19.750000,3.79,2107,4.60
idle,3,80,20.000000,1.25,939,3.49
idle,3,81,20.250000,3.51,1853,4.12
idle,3,82,20.500000,2.26,1581,3.86
idle,3,83,20.750000,3.40,2230,4.55
idle,3,84,21.000000,1.28,893,3.53
idle,3,85,21.250000,3.74,1922,4.21
idle,3,86,21.500000,2.75,1398,3.84
idle,3,87,21.750000,4.17,1978,4.49
idle,3,88,22.000000,1.14,908,3.53
idle,3,89,22.250000,3.72,1941,4.18
idle,3,90,22.500000,2.48,1381,3.71
idle,3,91,22.750000,3.69,2162,4.37
idle,3,92,23.000000,1.20,896,3.33
idle,3,93,23.250000,4.00,1844,4.06
idle,3,94,23.500000,2.49,1535,3.90
idle,3,95,23.750000,3.47,2288,4.57
idle,3,96,24.000000,5.50,2835,6.01
idle,3,97,24.250000,4.23,1889,4.22
idle,3,98,24.500000,3.58,1357,3.86
idle,3,99,24.750000,3.57,2269,4.41
idle,3,100,25.000000,1.11,925,3.41
idle,3,101,25.250000,3.43,1937,4.06
idle,3,102,25.500000,2.26,1692,4.01
idle,3,103,25.750000,3.45,2350,4.77
idle,3,104,26.000000,2.93,2236,4.58
idle,3,105,26.250000,3.55,1853,4.15
idle,3,106,26.500000,3.72,2251,4.69
idle,3,107,26.750000,3.76,2101,4.56
idle,3,108,27.000000,1.02,892,3.52
idle,3,109,27.250000,3.74,1766,4.11
idle,3,110,27.500000,2.83,1361,3.87
idle,3,111,27.750000,3.66,2225,4.68
idle,3,112,28.000000,1.37,876,3.52
idle,3,113,28.250000,17.35,3412,12.52
idle,3,114,28.500000,2.86,1909,4.35
idle,3,115,28.750000,3.57,2084,4.46
idle,3,116,29.000000,1.22,898,3.53
idle,3,117,29.250000,3.64,1806,4.08
idle,3,118,29.500000,3.67,1728,4.21
idle,3,119,29.750000,3.68,2131,4.48
kernel_single_fftwf,3,0,0.000000,25.26,3678,22.25
kernel_single_fftwf,3,1,0.250000,27.75,3700,22.80
kernel_single_fftwf,3,2,0.500000,26.28,3700,22.44
kernel_single_fftwf,3,3,0.750000,27.71,3700,22.62
kernel_single_fftwf,3,4,1.000000,25.30,3700,22.16
kernel_single_fftwf,3,5,1.250000,27.19,3700,22.58
kernel_single_fftwf,3,6,1.500000,26.22,3700,22.74
kernel_single_fftwf,3,7,1.750000,27.14,3700,22.83
kernel_single_fftwf,3,8,2.000000,25.33,3700,22.38
kernel_single_fftwf,3,9,2.250000,27.30,3700,22.60
kernel_single_fftwf,3,10,2.500000,26.14,3700,22.68
kernel_single_fftwf,3,11,2.750000,27.34,3700,22.90
kernel_single_fftwf,3,12,3.000000,25.32,3700,22.17
kernel_single_fftwf,3,13,3.250000,27.28,3700,22.73
kernel_single_fftwf,3,14,3.500000,26.17,3700,22.62
kernel_single_fftwf,3,15,3.750000,27.26,3700,22.90
kernel_single_fftwf,3,16,4.000000,25.32,3700,22.22
kernel_single_fftwf,3,17,4.250000,27.15,3700,22.74
kernel_single_fftwf,3,18,4.500000,26.40,3700,22.63
kernel_single_fftwf,3,19,4.750000,27.02,3700,22.79
kernel_single_fftwf,3,20,5.000000,25.56,3700,22.36
kernel_single_fftwf,3,21,5.250000,27.18,3700,22.77
kernel_single_fftwf,3,22,5.500000,26.21,3700,22.54
kernel_single_fftwf,3,23,5.750000,27.19,3700,22.98
kernel_single_fftwf,3,24,6.000000,25.46,3700,21.98
kernel_single_fftwf,3,25,6.250000,27.09,3700,22.99
kernel_single_fftwf,3,26,6.500000,26.20,3699,22.66
kernel_single_fftwf,3,27,6.750000,27.34,3700,23.01
kernel_single_fftwf,3,28,7.000000,25.31,3700,22.17
kernel_single_fftwf,3,29,7.250000,27.45,3700,22.48
kernel_single_fftwf,3,30,7.500000,25.97,3700,22.92
kernel_single_fftwf,3,31,7.750000,27.53,3700,23.14
kernel_single_fftwf,3,32,8.000000,25.32,3700,22.25
kernel_single_fftwf,3,33,8.250000,42.77,3700,29.18
kernel_single_fftwf,3,34,8.500000,26.62,3700,22.85
kernel_single_fftwf,3,35,8.750000,27.49,3700,23.32
kernel_single_fftwf,3,36,9.000000,25.28,3700,22.25
kernel_single_fftwf,3,37,9.250000,27.60,3700,23.16
kernel_single_fftwf,3,38,9.500000,25.96,3700,22.51
kernel_single_fftwf,3,39,9.750000,28.61,3689,23.66
kernel_single_fftwf,3,40,10.000000,25.48,3700,22.10
kernel_single_fftwf,3,41,10.250000,27.91,3700,23.27
kernel_single_fftwf,3,42,10.500000,25.85,3700,22.64
kernel_single_fftwf,3,43,10.750000,27.28,3700,22.99
kernel_single_fftwf,3,44,11.000000,25.37,3700,22.13
kernel_single_fftwf,3,45,11.250000,27.65,3700,23.18
kernel_single_fftwf,3,46,11.500000,25.77,3700,22.38
kernel_single_fftwf,3,47,11.750000,27.27,3700,22.60
kernel_single_fftwf,3,48,12.000000,25.46,3661,22.05
kernel_single_fftwf,3,49,12.250000,27.61,3700,23.13
kernel_single_fftwf,3,50,12.500000,25.73,3700,22.34
kernel_single_fftwf,3,51,12.750000,27.05,3697,22.89
kernel_single_fftwf,3,52,13.000000,25.52,3700,22.40
kernel_single_fftwf,3,53,13.250000,27.83,3687,22.97
kernel_single_fftwf,3,54,13.500000,25.78,3700,22.47
kernel_single_fftwf,3,55,13.750000,27.12,3700,23.01
kernel_single_fftwf,3,56,14.000000,25.34,3700,22.23
kernel_single_fftwf,3,57,14.250000,29.06,3700,23.29
kernel_single_fftwf,3,58,14.500000,26.03,3699,22.32
kernel_single_fftwf,3,59,14.750000,27.06,3700,22.77
kernel_single_fftwf,3,60,15.000000,25.18,3700,22.32
kernel_single_fftwf,3,61,15.250000,27.67,3700,22.91
kernel_single_fftwf,3,62,15.500000,25.80,3700,22.36
kernel_single_fftwf,3,63,15.750000,27.13,3700,22.74
kernel_single_fftwf,3,64,16.000000,25.20,3700,22.39
kernel_single_fftwf,3,65,16.250000,28.00,3700,23.09
kernel_single_fftwf,3,66,16.500000,25.75,3688,22.34
kernel_single_fftwf,3,67,16.750000,27.39,3700,22.94
kernel_single_fftwf,3,68,17.000000,25.29,3700,22.15
kernel_single_fftwf,3,69,17.250000,27.73,3700,23.00
kernel_single_fftwf,3,70,17.500000,25.72,3700,22.45
kernel_single_fftwf,3,71,17.750000,27.15,3700,22.78
kernel_single_fftwf,3,72,18.000000,25.37,3700,22.12
kernel_single_fftwf,3,73,18.250000,43.08,3700,29.26
kernel_single_fftwf,3,74,18.500000,25.72,3659,21.85
kernel_single_fftwf,3,75,18.750000,27.53,3698,22.87
kernel_single_fftwf,3,76,19.000000,25.28,3700,22.20
kernel_single_fftwf,3,77,19.250000,27.65,3700,23.02
kernel_single_fftwf,3,78,19.500000,26.05,3700,22.47
kernel_single_fftwf,3,79,19.750000,27.09,3683,22.81
kernel_single_fftwf,3,80,20.000000,25.31,3700,22.17
kernel_single_fftwf,3,81,20.250000,29.17,3687,23.34
kernel_single_fftwf,3,82,20.500000,25.65,3700,22.30
kernel_single_fftwf,3,83,20.750000,27.07,3663,22.66
kernel_single_fftwf,3,84,21.000000,25.34,3700,22.26
kernel_single_fftwf,3,85,21.250000,27.67,3698,23.04
kernel_single_fftwf,3,86,21.500000,25.74,3700,22.12
kernel_single_fftwf,3,87,21.750000,27.02,3647,22.80
kernel_single_fftwf,3,88,22.000000,25.32,3678,22.05
kernel_single_fftwf,3,89,22.250000,27.62,3700,22.90
kernel_single_fftwf,3,90,22.500000,25.58,3690,22.24
kernel_single_fftwf,3,91,22.750000,31.17,3700,24.51
kernel_single_fftwf,3,92,23.000000,25.43,3700,22.39
kernel_single_fftwf,3,93,23.250000,27.77,3698,22.99
kernel_single_fftwf,3,94,23.500000,25.78,3700,22.40
kernel_single_fftwf,3,95,23.750000,27.36,3700,22.76
kernel_single_fftwf,3,96,24.000000,25.22,3700,22.25
kernel_single_fftwf,3,97,24.250000,27.66,3700,22.97
kernel_single_fftwf,3,98,24.500000,25.86,3700,22.35
kernel_single_fftwf,3,99,24.750000,27.18,3700,22.93
kernel_single_fftwf,3,100,25.000000,25.31,3700,22.21
kernel_single_fftwf,3,101,25.250000,28.04,3685,22.37
kernel_single_fftwf,3,102,25.500000,25.75,3699,23.04
kernel_single_fftwf,3,103,25.750000,26.60,3700,22.75
kernel_single_fftwf,3,104,26.000000,25.30,3700,22.27
kernel_single_fftwf,3,105,26.250000,27.79,3700,23.02
kernel_single_fftwf,3,106,26.500000,26.13,3700,22.56
kernel_single_fftwf,3,107,26.750000,26.55,3700,22.68
kernel_single_fftwf,3,108,27.000000,25.34,3700,22.28
kernel_single_fftwf,3,109,27.250000,27.71,3700,22.89
kernel_single_fftwf,3,110,27.500000,26.66,3700,22.83
kernel_single_fftwf,3,111,27.750000,28.82,3700,23.82
kernel_single_fftwf,3,112,28.000000,25.43,3700,22.33
kernel_single_fftwf,3,113,28.250000,46.88,3700,27.94
kernel_single_fftwf,3,114,28.500000,27.40,3700,22.81
kernel_single_fftwf,3,115,28.750000,25.86,3700,22.61
kernel_single_fftwf,3,116,29.000000,25.35,3700,22.30
kernel_single_fftwf,3,117,29.250000,28.40,3700,23.12
kernel_single_fftwf,3,118,29.500000,27.11,3700,22.76
kernel_single_fftwf,3,119,29.750000,25.97,3700,22.49
