iteration,latency_ns,latency_ms,measurement_type
0,13599469,13.599469,host_observed_busy_poll
1,13598452,13.598452,host_observed_busy_poll
2,13595706,13.595706,host_observed_busy_poll
3,13605864,13.605864,host_observed_busy_poll
4,13598812,13.598812,host_observed_busy_poll
5,13597849,13.597849,host_observed_busy_poll
6,13602577,13.602577,host_observed_busy_poll
7,13608664,13.608664,host_observed_busy_poll
8,13607920,13.60792,host_observed_busy_poll
9,13596175,13.596175,host_observed_busy_poll
10,13606640,13.60664,host_observed_busy_poll
11,13600114,13.600114,host_observed_busy_poll
12,13602958,13.602958,host_observed_busy_poll
13,13594337,13.594337,host_observed_busy_poll
14,13600182,13.600182,host_observed_busy_poll
15,13593588,13.593588,host_observed_busy_poll
16,13604212,13.604212,host_observed_busy_poll
17,13596008,13.596008,host_observed_busy_poll
18,13601995,13.601995,host_observed_busy_poll
19,13599502,13.599502,host_observed_busy_poll
20,13602715,13.602715,host_observed_busy_poll
21,13597564,13.597564,host_observed_busy_poll
22,13597472,13.597472,host_observed_busy_poll
23,13594986,13.594986,host_observed_busy_poll
24,13804589,13.804589,host_observed_busy_poll
25,13599634,13.599634,host_observed_busy_poll
26,13598590,13.59859,host_observed_busy_poll
27,13607516,13.607516,host_observed_busy_poll
28,13603532,13.603532,host_observed_busy_poll
29,13601994,13.601994,host_observed_busy_poll
30,13596070,13.59607,host_observed_busy_poll
31,13598813,13.598813,host_observed_busy_poll
32,13597574,13.597574,host_observed_busy_poll
33,13603188,13.603188,host_observed_busy_poll
34,13614487,13.614487,host_observed_busy_poll
35,13609148,13.609148,host_observed_busy_poll
36,13607310,13.60731,host_observed_busy_poll
37,13603097,13.603097,host_observed_busy_poll
38,13604792,13.604792,host_observed_busy_poll
39,13599211,13.599211,host_observed_busy_poll
40,13597538,13.597538,host_observed_busy_poll
41,13604932,13.604932,host_observed_busy_poll
42,13609310,13.60931,host_observed_busy_poll
43,13609835,13.609835,host_observed_busy_poll
44,13603356,13.603356,host_observed_busy_poll
45,13597828,13.597828,host_observed_busy_poll
46,13598820,13.59882,host_observed_busy_poll
47,13600930,13.60093,host_observed_busy_poll
48,13597217,13.597217,host_observed_busy_poll
49,13597350,13.59735,host_observed_busy_poll
50,13597760,13.59776,host_observed_busy_poll
51,13597829,13.597829,host_observed_busy_poll
52,13602884,13.602884,host_observed_busy_poll
53,13595944,13.595944,host_observed_busy_poll
54,13598206,13.598206,host_observed_busy_poll
55,13606315,13.606315,host_observed_busy_poll
56,13606846,13.606846,host_observed_busy_poll
57,13593257,13.593257,host_observed_busy_poll
58,13601783,13.601783,host_observed_busy_poll
59,13596052,13.596052,host_observed_busy_poll
60,13604698,13.604698,host_observed_busy_poll
61,13599248,13.599248,host_observed_busy_poll
62,13597853,13.597853,host_observed_busy_poll
63,13598386,13.598386,host_observed_busy_poll
64,13605761,13.605761,host_observed_busy_poll
65,13602829,13.602829,host_observed_busy_poll
66,13607474,13.607474,host_observed_busy_poll
67,13597915,13.597915,host_observed_busy_poll
68,13601771,13.601771,host_observed_busy_poll
69,13596229,13.596229,host_observed_busy_poll
70,13600392,13.600392,host_observed_busy_poll
71,13609539,13.609539,host_observed_busy_poll
72,13604572,13.604572,host_observed_busy_poll
73,13603923,13.603923,host_observed_busy_poll
74,13598482,13.598482,host_observed_busy_poll
75,13601167,13.601167,host_observed_busy_poll
76,13598739,13.598739,host_observed_busy_poll
77,13600812,13.600812,host_observed_busy_poll
78,13594741,13.594741,host_observed_busy_poll
79,13609130,13.60913,host_observed_busy_poll
80,13607857,13.607857,host_observed_busy_poll
81,13597883,13.597883,host_observed_busy_poll
82,13595836,13.595836,host_observed_busy_poll
83,13597237,13.597237,host_observed_busy_poll
84,13600733,13.600733,host_observed_busy_poll
85,13602616,13.602616,host_observed_busy_poll
86,13603508,13.603508,host_observed_busy_poll
87,13605249,13.605249,host_observed_busy_poll
88,13597479,13.597479,host_observed_busy_poll
89,13597213,13.597213,host_observed_busy_poll
90,13594973,13.594973,host_observed_busy_poll
91,13605776,13.605776,host_observed_busy_poll
92,13596046,13.596046,host_observed_busy_poll
93,13596299,13.596299,host_observed_busy_poll
94,13597150,13.59715,host_observed_busy_poll
95,13598333,13.598333,host_observed_busy_poll
96,13601925,13.601925,host_observed_busy_poll
97,13595102,13.595102,host_observed_busy_poll
98,13598157,13.598157,host_observed_busy_poll
99,13606263,13.606263,host_observed_busy_poll
100,13606046,13.606046,host_observed_busy_poll
101,13601760,13.60176,host_observed_busy_poll
102,13604152,13.604152,host_observed_busy_poll
103,13608113,13.608113,host_observed_busy_poll
104,13600644,13.600644,host_observed_busy_poll
105,13597076,13.597076,host_observed_busy_poll
106,13595112,13.595112,host_observed_busy_poll
107,13609478,13.609478,host_observed_busy_poll
108,13605503,13.605503,host_observed_busy_poll
109,13597601,13.597601,host_observed_busy_poll
110,13605391,13.605391,host_observed_busy_poll
111,13604982,13.604982,host_observed_busy_poll
112,13602526,13.602526,host_observed_busy_poll
113,13602341,13.602341,host_observed_busy_poll
114,13605773,13.605773,host_observed_busy_poll
115,13596665,13.596665,host_observed_busy_poll
116,13601037,13.601037,host_observed_busy_poll
117,13596903,13.596903,host_observed_busy_poll
118,13598394,13.598394,host_observed_busy_poll
119,13608066,13.608066,host_observed_busy_poll
120,13598471,13.598471,host_observed_busy_poll
121,13608716,13.608716,host_observed_busy_poll
122,13606445,13.606445,host_observed_busy_poll
123,13604810,13.60481,host_observed_busy_poll
124,13600595,13.600595,host_observed_busy_poll
125,13594343,13.594343,host_observed_busy_poll
126,13595228,13.595228,host_observed_busy_poll
127,13598685,13.598685,host_observed_busy_poll
128,13598318,13.598318,host_observed_busy_poll
129,13603276,13.603276,host_observed_busy_poll
130,13605608,13.605608,host_observed_busy_poll
131,13603369,13.603369,host_observed_busy_poll
132,13604359,13.604359,host_observed_busy_poll
133,13593367,13.593367,host_observed_busy_poll
134,13596498,13.596498,host_observed_busy_poll
135,13596715,13.596715,host_observed_busy_poll
136,13596427,13.596427,host_observed_busy_poll
137,13597518,13.597518,host_observed_busy_poll
138,13598796,13.598796,host_observed_busy_poll
139,13603043,13.603043,host_observed_busy_poll
140,13606599,13.606599,host_observed_busy_poll
141,13594915,13.594915,host_observed_busy_poll
142,13602293,13.602293,host_observed_busy_poll
143,13594026,13.594026,host_observed_busy_poll
144,13602294,13.602294,host_observed_busy_poll
145,13602694,13.602694,host_observed_busy_poll
146,13602978,13.602978,host_observed_busy_poll
147,13600084,13.600084,host_observed_busy_poll
148,13596320,13.59632,host_observed_busy_poll
149,13602495,13.602495,host_observed_busy_poll
150,13602136,13.602136,host_observed_busy_poll
151,13600875,13.600875,host_observed_busy_poll
152,13606411,13.606411,host_observed_busy_poll
153,13601586,13.601586,host_observed_busy_poll
154,13601265,13.601265,host_observed_busy_poll
155,13598947,13.598947,host_observed_busy_poll
156,13602197,13.602197,host_observed_busy_poll
157,13594261,13.594261,host_observed_busy_poll
158,13600193,13.600193,host_observed_busy_poll
159,13595279,13.595279,host_observed_busy_poll
160,13606322,13.606322,host_observed_busy_poll
161,13601494,13.601494,host_observed_busy_poll
162,13602834,13.602834,host_observed_busy_poll
163,13599773,13.599773,host_observed_busy_poll
164,13599373,13.599373,host_observed_busy_poll
165,13599705,13.599705,host_observed_busy_poll
166,13591484,13.591484,host_observed_busy_poll
167,13603079,13.603079,host_observed_busy_poll
168,13602909,13.602909,host_observed_busy_poll
169,13606636,13.606636,host_observed_busy_poll
170,13597352,13.597352,host_observed_busy_poll
171,13602561,13.602561,host_observed_busy_poll
172,13593848,13.593848,host_observed_busy_poll
173,13597709,13.597709,host_observed_busy_poll
174,13592535,13.592535,host_observed_busy_poll
175,13603176,13.603176,host_observed_busy_poll
176,13597923,13.597923,host_observed_busy_poll
177,13596964,13.596964,host_observed_busy_poll
178,13596006,13.596006,host_observed_busy_poll
179,13600409,13.600409,host_observed_busy_poll
180,13603979,13.603979,host_observed_busy_poll
181,13603730,13.60373,host_observed_busy_poll
182,13898264,13.898264,host_observed_busy_poll
183,13604909,13.604909,host_observed_busy_poll
184,13609205,13.609205,host_observed_busy_poll
185,13607401,13.607401,host_observed_busy_poll
186,13605600,13.6056,host_observed_busy_poll
187,13595784,13.595784,host_observed_busy_poll
188,13600722,13.600722,host_observed_busy_poll
189,13600151,13.600151,host_observed_busy_poll
190,13601301,13.601301,host_observed_busy_poll
191,13610639,13.610639,host_observed_busy_poll
192,13608529,13.608529,host_observed_busy_poll
193,13593018,13.593018,host_observed_busy_poll
194,13594447,13.594447,host_observed_busy_poll
195,13596286,13.596286,host_observed_busy_poll
196,13607172,13.607172,host_observed_busy_poll
197,13603678,13.603678,host_observed_busy_poll
198,13597564,13.597564,host_observed_busy_poll
199,13595536,13.595536,host_observed_busy_poll
200,13599477,13.599477,host_observed_busy_poll
201,13600179,13.600179,host_observed_busy_poll
202,13599944,13.599944,host_observed_busy_poll
203,13597991,13.597991,host_observed_busy_poll
204,13597451,13.597451,host_observed_busy_poll
205,13595965,13.595965,host_observed_busy_poll
206,13603147,13.603147,host_observed_busy_poll
207,13605601,13.605601,host_observed_busy_poll
208,13607371,13.607371,host_observed_busy_poll
209,13607534,13.607534,host_observed_busy_poll
210,13599454,13.599454,host_observed_busy_poll
211,13607588,13.607588,host_observed_busy_poll
212,13606627,13.606627,host_observed_busy_poll
213,13593752,13.593752,host_observed_busy_poll
214,13601987,13.601987,host_observed_busy_poll
215,13598779,13.598779,host_observed_busy_poll
216,13602571,13.602571,host_observed_busy_poll
217,13600499,13.600499,host_observed_busy_poll
218,13599871,13.599871,host_observed_busy_poll
219,13592124,13.592124,host_observed_busy_poll
220,13596093,13.596093,host_observed_busy_poll
221,13594772,13.594772,host_observed_busy_poll
222,13604011,13.604011,host_observed_busy_poll
223,13603795,13.603795,host_observed_busy_poll
224,13607111,13.607111,host_observed_busy_poll
225,13604541,13.604541,host_observed_busy_poll
226,13599188,13.599188,host_observed_busy_poll
227,13600824,13.600824,host_observed_busy_poll
228,13594302,13.594302,host_observed_busy_poll
229,13619872,13.619872,host_observed_busy_poll
230,13598897,13.598897,host_observed_busy_poll
231,13603080,13.60308,host_observed_busy_poll
232,13598066,13.598066,host_observed_busy_poll
233,13601941,13.601941,host_observed_busy_poll
234,13601780,13.60178,host_observed_busy_poll
235,13602145,13.602145,host_observed_busy_poll
236,13596676,13.596676,host_observed_busy_poll
237,13605522,13.605522,host_observed_busy_poll
238,13602391,13.602391,host_observed_busy_poll
239,13603012,13.603012,host_observed_busy_poll
240,13600435,13.600435,host_observed_busy_poll
241,13604449,13.604449,host_observed_busy_poll
242,13601438,13.601438,host_observed_busy_poll
243,13601776,13.601776,host_observed_busy_poll
244,13599457,13.599457,host_observed_busy_poll
245,13595527,13.595527,host_observed_busy_poll
246,13595610,13.59561,host_observed_busy_poll
247,13604362,13.604362,host_observed_busy_poll
248,13601147,13.601147,host_observed_busy_poll
249,13597988,13.597988,host_observed_busy_poll
250,13602783,13.602783,host_observed_busy_poll
251,13622245,13.622245,host_observed_busy_poll
252,13603668,13.603668,host_observed_busy_poll
253,13593293,13.593293,host_observed_busy_poll
254,13596094,13.596094,host_observed_busy_poll
255,13596273,13.596273,host_observed_busy_poll
256,13599615,13.599615,host_observed_busy_poll
257,13601978,13.601978,host_observed_busy_poll
258,13603444,13.603444,host_observed_busy_poll
259,13608646,13.608646,host_observed_busy_poll
260,13603423,13.603423,host_observed_busy_poll
261,13597326,13.597326,host_observed_busy_poll
262,13616591,13.616591,host_observed_busy_poll
263,13601751,13.601751,host_observed_busy_poll
264,13601873,13.601873,host_observed_busy_poll
265,13608894,13.608894,host_observed_busy_poll
266,13597853,13.597853,host_observed_busy_poll
267,13596961,13.596961,host_observed_busy_poll
268,13615629,13.615629,host_observed_busy_poll
269,13595202,13.595202,host_observed_busy_poll
270,13591853,13.591853,host_observed_busy_poll
271,13603261,13.603261,host_observed_busy_poll
272,13602844,13.602844,host_observed_busy_poll
273,13600940,13.60094,host_observed_busy_poll
274,13604357,13.604357,host_observed_busy_poll
275,13603904,13.603904,host_observed_busy_poll
276,13599183,13.599183,host_observed_busy_poll
277,13599698,13.599698,host_observed_busy_poll
278,13609213,13.609213,host_observed_busy_poll
279,13603172,13.603172,host_observed_busy_poll
280,13607662,13.607662,host_observed_busy_poll
281,13598353,13.598353,host_observed_busy_poll
282,13608981,13.608981,host_observed_busy_poll
283,13596169,13.596169,host_observed_busy_poll
284,13600524,13.600524,host_observed_busy_poll
285,13599394,13.599394,host_observed_busy_poll
286,13599396,13.599396,host_observed_busy_poll
287,13602452,13.602452,host_observed_busy_poll
288,13598880,13.59888,host_observed_busy_poll
289,13596833,13.596833,host_observed_busy_poll
290,13621273,13.621273,host_observed_busy_poll
291,13602474,13.602474,host_observed_busy_poll
292,13598822,13.598822,host_observed_busy_poll
293,13607075,13.607075,host_observed_busy_poll
294,13605420,13.60542,host_observed_busy_poll
295,13605439,13.605439,host_observed_busy_poll
296,13605887,13.605887,host_observed_busy_poll
297,13601866,13.601866,host_observed_busy_poll
298,13597318,13.597318,host_observed_busy_poll
299,13604646,13.604646,host_observed_busy_poll
300,13599997,13.599997,host_observed_busy_poll
301,13601576,13.601576,host_observed_busy_poll
302,13598889,13.598889,host_observed_busy_poll
303,13602268,13.602268,host_observed_busy_poll
304,13600282,13.600282,host_observed_busy_poll
305,13600782,13.600782,host_observed_busy_poll
306,13600199,13.600199,host_observed_busy_poll
307,13604600,13.6046,host_observed_busy_poll
308,13602736,13.602736,host_observed_busy_poll
309,13594149,13.594149,host_observed_busy_poll
310,13595681,13.595681,host_observed_busy_poll
311,13594780,13.59478,host_observed_busy_poll
312,13608205,13.608205,host_observed_busy_poll
313,13601349,13.601349,host_observed_busy_poll
314,13593850,13.59385,host_observed_busy_poll
315,13599179,13.599179,host_observed_busy_poll
316,13595722,13.595722,host_observed_busy_poll
317,13607434,13.607434,host_observed_busy_poll
318,13594058,13.594058,host_observed_busy_poll
319,13596277,13.596277,host_observed_busy_poll
320,13595824,13.595824,host_observed_busy_poll
321,13597215,13.597215,host_observed_busy_poll
322,13595069,13.595069,host_observed_busy_poll
323,13598189,13.598189,host_observed_busy_poll
324,13595977,13.595977,host_observed_busy_poll
325,13604352,13.604352,host_observed_busy_poll
326,13596992,13.596992,host_observed_busy_poll
327,13604065,13.604065,host_observed_busy_poll
328,13603181,13.603181,host_observed_busy_poll
329,13595811,13.595811,host_observed_busy_poll
330,13601209,13.601209,host_observed_busy_poll
331,13605313,13.605313,host_observed_busy_poll
332,13596842,13.596842,host_observed_busy_poll
333,13594541,13.594541,host_observed_busy_poll
334,13595031,13.595031,host_observed_busy_poll
335,13602868,13.602868,host_observed_busy_poll
336,13603844,13.603844,host_observed_busy_poll
337,13596431,13.596431,host_observed_busy_poll
338,13602687,13.602687,host_observed_busy_poll
339,13599629,13.599629,host_observed_busy_poll
340,13607014,13.607014,host_observed_busy_poll
341,13604358,13.604358,host_observed_busy_poll
342,13603238,13.603238,host_observed_busy_poll
343,13595402,13.595402,host_observed_busy_poll
344,13603526,13.603526,host_observed_busy_poll
345,13640297,13.640297,host_observed_busy_poll
346,13596481,13.596481,host_observed_busy_poll
347,13621782,13.621782,host_observed_busy_poll
348,13595640,13.59564,host_observed_busy_poll
349,13595062,13.595062,host_observed_busy_poll
350,13600766,13.600766,host_observed_busy_poll
351,13596656,13.596656,host_observed_busy_poll
352,13606880,13.60688,host_observed_busy_poll
353,13600341,13.600341,host_observed_busy_poll
354,13597272,13.597272,host_observed_busy_poll
355,13592672,13.592672,host_observed_busy_poll
356,13596883,13.596883,host_observed_busy_poll
357,13593322,13.593322,host_observed_busy_poll
358,13604959,13.604959,host_observed_busy_poll
359,13600647,13.600647,host_observed_busy_poll
360,13594824,13.594824,host_observed_busy_poll
361,13595940,13.59594,host_observed_busy_poll
362,13599749,13.599749,host_observed_busy_poll
363,13600667,13.600667,host_observed_busy_poll
364,13594555,13.594555,host_observed_busy_poll
365,13593399,13.593399,host_observed_busy_poll
366,13600360,13.60036,host_observed_busy_poll
367,13604961,13.604961,host_observed_busy_poll
368,13604377,13.604377,host_observed_busy_poll
369,13601853,13.601853,host_observed_busy_poll
370,13599498,13.599498,host_observed_busy_poll
371,13604246,13.604246,host_observed_busy_poll
372,13603056,13.603056,host_observed_busy_poll
373,13595905,13.595905,host_observed_busy_poll
374,13595229,13.595229,host_observed_busy_poll
375,13597099,13.597099,host_observed_busy_poll
376,13600588,13.600588,host_observed_busy_poll
377,13605780,13.60578,host_observed_busy_poll
378,13608738,13.608738,host_observed_busy_poll
379,13598318,13.598318,host_observed_busy_poll
380,13599424,13.599424,host_observed_busy_poll
381,13601864,13.601864,host_observed_busy_poll
382,13594427,13.594427,host_observed_busy_poll
383,13599065,13.599065,host_observed_busy_poll
384,13598620,13.59862,host_observed_busy_poll
385,13595901,13.595901,host_observed_busy_poll
386,13597777,13.597777,host_observed_busy_poll
387,13596598,13.596598,host_observed_busy_poll
388,13598216,13.598216,host_observed_busy_poll
389,13607529,13.607529,host_observed_busy_poll
390,13606332,13.606332,host_observed_busy_poll
391,13609540,13.60954,host_observed_busy_poll
392,13601826,13.601826,host_observed_busy_poll
393,13595849,13.595849,host_observed_busy_poll
394,13593716,13.593716,host_observed_busy_poll
395,13600052,13.600052,host_observed_busy_poll
396,13604254,13.604254,host_observed_busy_poll
397,13598262,13.598262,host_observed_busy_poll
398,13599571,13.599571,host_observed_busy_poll
399,13595077,13.595077,host_observed_busy_poll
400,13599558,13.599558,host_observed_busy_poll
401,13600975,13.600975,host_observed_busy_poll
402,13604606,13.604606,host_observed_busy_poll
403,13608377,13.608377,host_observed_busy_poll
404,13620031,13.620031,host_observed_busy_poll
405,13604919,13.604919,host_observed_busy_poll
406,13595894,13.595894,host_observed_busy_poll
407,13598575,13.598575,host_observed_busy_poll
408,13602302,13.602302,host_observed_busy_poll
409,13602481,13.602481,host_observed_busy_poll
410,13598070,13.59807,host_observed_busy_poll
411,13599429,13.599429,host_observed_busy_poll
412,13604298,13.604298,host_observed_busy_poll
413,13607558,13.607558,host_observed_busy_poll
414,13597302,13.597302,host_observed_busy_poll
415,13602861,13.602861,host_observed_busy_poll
416,13615997,13.615997,host_observed_busy_poll
417,13609642,13.609642,host_observed_busy_poll
418,13601041,13.601041,host_observed_busy_poll
419,13602160,13.60216,host_observed_busy_poll
420,13600922,13.600922,host_observed_busy_poll
421,13607916,13.607916,host_observed_busy_poll
422,13600323,13.600323,host_observed_busy_poll
423,13645754,13.645754,host_observed_busy_poll
424,13607376,13.607376,host_observed_busy_poll
425,13603240,13.60324,host_observed_busy_poll
426,13600041,13.600041,host_observed_busy_poll
427,13602624,13.602624,host_observed_busy_poll
428,13597420,13.59742,host_observed_busy_poll
429,13592971,13.592971,host_observed_busy_poll
430,13602053,13.602053,host_observed_busy_poll
431,13597795,13.597795,host_observed_busy_poll
432,13605759,13.605759,host_observed_busy_poll
433,13603622,13.603622,host_observed_busy_poll
434,13607417,13.607417,host_observed_busy_poll
435,13598876,13.598876,host_observed_busy_poll
436,13598624,13.598624,host_observed_busy_poll
437,13597643,13.597643,host_observed_busy_poll
438,13605299,13.605299,host_observed_busy_poll
439,13603409,13.603409,host_observed_busy_poll
440,13607521,13.607521,host_observed_busy_poll
441,13599531,13.599531,host_observed_busy_poll
442,13604312,13.604312,host_observed_busy_poll
443,13594743,13.594743,host_observed_busy_poll
444,13594260,13.59426,host_observed_busy_poll
445,13600835,13.600835,host_observed_busy_poll
446,13597971,13.597971,host_observed_busy_poll
447,13593782,13.593782,host_observed_busy_poll
448,13605244,13.605244,host_observed_busy_poll
449,13602055,13.602055,host_observed_busy_poll
450,13597361,13.597361,host_observed_busy_poll
451,13605232,13.605232,host_observed_busy_poll
452,13592007,13.592007,host_observed_busy_poll
453,13598492,13.598492,host_observed_busy_poll
454,13603682,13.603682,host_observed_busy_poll
455,13601772,13.601772,host_observed_busy_poll
456,13591908,13.591908,host_observed_busy_poll
457,13595446,13.595446,host_observed_busy_poll
458,13600523,13.600523,host_observed_busy_poll
459,13593691,13.593691,host_observed_busy_poll
460,13597977,13.597977,host_observed_busy_poll
461,13597049,13.597049,host_observed_busy_poll
462,13608804,13.608804,host_observed_busy_poll
463,13596470,13.59647,host_observed_busy_poll
464,13595818,13.595818,host_observed_busy_poll
465,13604577,13.604577,host_observed_busy_poll
466,13601989,13.601989,host_observed_busy_poll
467,13614832,13.614832,host_observed_busy_poll
468,13601340,13.60134,host_observed_busy_poll
469,13603933,13.603933,host_observed_busy_poll
470,13594990,13.59499,host_observed_busy_poll
471,13603601,13.603601,host_observed_busy_poll
472,13593314,13.593314,host_observed_busy_poll
473,13604176,13.604176,host_observed_busy_poll
474,13602186,13.602186,host_observed_busy_poll
475,13602253,13.602253,host_observed_busy_poll
476,13642439,13.642439,host_observed_busy_poll
477,13609443,13.609443,host_observed_busy_poll
478,13609014,13.609014,host_observed_busy_poll
479,13604843,13.604843,host_observed_busy_poll
480,13595808,13.595808,host_observed_busy_poll
481,13603789,13.603789,host_observed_busy_poll
482,13605942,13.605942,host_observed_busy_poll
483,13600505,13.600505,host_observed_busy_poll
484,13606657,13.606657,host_observed_busy_poll
485,13597299,13.597299,host_observed_busy_poll
486,13614136,13.614136,host_observed_busy_poll
487,13604347,13.604347,host_observed_busy_poll
488,13601001,13.601001,host_observed_busy_poll
489,13597087,13.597087,host_observed_busy_poll
490,13611195,13.611195,host_observed_busy_poll
491,13598682,13.598682,host_observed_busy_poll
492,13594451,13.594451,host_observed_busy_poll
493,13595777,13.595777,host_observed_busy_poll
494,13601287,13.601287,host_observed_busy_poll
495,13597240,13.59724,host_observed_busy_poll
496,13594721,13.594721,host_observed_busy_poll
497,13598315,13.598315,host_observed_busy_poll
498,13596851,13.596851,host_observed_busy_poll
499,13606218,13.606218,host_observed_busy_poll
500,13598068,13.598068,host_observed_busy_poll
501,13600393,13.600393,host_observed_busy_poll
502,13599816,13.599816,host_observed_busy_poll
503,13592814,13.592814,host_observed_busy_poll
504,13618871,13.618871,host_observed_busy_poll
505,13596118,13.596118,host_observed_busy_poll
506,13600351,13.600351,host_observed_busy_poll
507,13598649,13.598649,host_observed_busy_poll
508,13595216,13.595216,host_observed_busy_poll
509,13600213,13.600213,host_observed_busy_poll
510,13601635,13.601635,host_observed_busy_poll
511,13599178,13.599178,host_observed_busy_poll
512,13595760,13.59576,host_observed_busy_poll
513,13635383,13.635383,host_observed_busy_poll
514,13600352,13.600352,host_observed_busy_poll
515,13599659,13.599659,host_observed_busy_poll
516,13597762,13.597762,host_observed_busy_poll
517,13606082,13.606082,host_observed_busy_poll
518,13601239,13.601239,host_observed_busy_poll
519,13602655,13.602655,host_observed_busy_poll
520,13607604,13.607604,host_observed_busy_poll
521,13607174,13.607174,host_observed_busy_poll
522,13595478,13.595478,host_observed_busy_poll
523,13599181,13.599181,host_observed_busy_poll
524,13603495,13.603495,host_observed_busy_poll
525,13602952,13.602952,host_observed_busy_poll
526,13595527,13.595527,host_observed_busy_poll
527,13602510,13.60251,host_observed_busy_poll
528,13598566,13.598566,host_observed_busy_poll
529,13598588,13.598588,host_observed_busy_poll
530,13596617,13.596617,host_observed_busy_poll
531,13597847,13.597847,host_observed_busy_poll
532,13598940,13.59894,host_observed_busy_poll
533,13594012,13.594012,host_observed_busy_poll
534,13601124,13.601124,host_observed_busy_poll
535,13604484,13.604484,host_observed_busy_poll
536,13597020,13.59702,host_observed_busy_poll
537,13602137,13.602137,host_observed_busy_poll
538,13603593,13.603593,host_observed_busy_poll
539,13594132,13.594132,host_observed_busy_poll
540,13595302,13.595302,host_observed_busy_poll
541,13601320,13.60132,host_observed_busy_poll
542,13598756,13.598756,host_observed_busy_poll
543,13596980,13.59698,host_observed_busy_poll
544,13594466,13.594466,host_observed_busy_poll
545,13603633,13.603633,host_observed_busy_poll
546,13604863,13.604863,host_observed_busy_poll
547,13601708,13.601708,host_observed_busy_poll
548,13596011,13.596011,host_observed_busy_poll
549,13604386,13.604386,host_observed_busy_poll
550,13604479,13.604479,host_observed_busy_poll
551,13607719,13.607719,host_observed_busy_poll
552,13601475,13.601475,host_observed_busy_poll
553,13596837,13.596837,host_observed_busy_poll
554,13600441,13.600441,host_observed_busy_poll
555,13600314,13.600314,host_observed_busy_poll
556,13602836,13.602836,host_observed_busy_poll
557,13612585,13.612585,host_observed_busy_poll
558,13605137,13.605137,host_observed_busy_poll
559,13599961,13.599961,host_observed_busy_poll
560,13595952,13.595952,host_observed_busy_poll
561,13597227,13.597227,host_observed_busy_poll
562,13611944,13.611944,host_observed_busy_poll
563,13600835,13.600835,host_observed_busy_poll
564,13599003,13.599003,host_observed_busy_poll
565,13602210,13.60221,host_observed_busy_poll
566,13596317,13.596317,host_observed_busy_poll
567,13603897,13.603897,host_observed_busy_poll
568,13597434,13.597434,host_observed_busy_poll
569,13599855,13.599855,host_observed_busy_poll
570,13598209,13.598209,host_observed_busy_poll
571,13598077,13.598077,host_observed_busy_poll
572,13609910,13.60991,host_observed_busy_poll
573,13603355,13.603355,host_observed_busy_poll
574,13594689,13.594689,host_observed_busy_poll
575,13604829,13.604829,host_observed_busy_poll
576,13594306,13.594306,host_observed_busy_poll
577,13601883,13.601883,host_observed_busy_poll
578,13596591,13.596591,host_observed_busy_poll
579,13603553,13.603553,host_observed_busy_poll
580,13606151,13.606151,host_observed_busy_poll
581,13599808,13.599808,host_observed_busy_poll
582,13594362,13.594362,host_observed_busy_poll
583,13598597,13.598597,host_observed_busy_poll
584,13602104,13.602104,host_observed_busy_poll
585,13600396,13.600396,host_observed_busy_poll
586,13597825,13.597825,host_observed_busy_poll
587,13607858,13.607858,host_observed_busy_poll
588,13602044,13.602044,host_observed_busy_poll
589,13599162,13.599162,host_observed_busy_poll
590,13593749,13.593749,host_observed_busy_poll
591,13605076,13.605076,host_observed_busy_poll
592,13601118,13.601118,host_observed_busy_poll
593,13600733,13.600733,host_observed_busy_poll
594,13598447,13.598447,host_observed_busy_poll
595,13605672,13.605672,host_observed_busy_poll
596,13597361,13.597361,host_observed_busy_poll
597,13592959,13.592959,host_observed_busy_poll
598,13595199,13.595199,host_observed_busy_poll
599,13608026,13.608026,host_observed_busy_poll
600,13595371,13.595371,host_observed_busy_poll
601,13606126,13.606126,host_observed_busy_poll
602,13593223,13.593223,host_observed_busy_poll
603,13595627,13.595627,host_observed_busy_poll
604,13596691,13.596691,host_observed_busy_poll
605,13600883,13.600883,host_observed_busy_poll
606,13604310,13.60431,host_observed_busy_poll
607,13594128,13.594128,host_observed_busy_poll
608,13600452,13.600452,host_observed_busy_poll
609,13610811,13.610811,host_observed_busy_poll
610,13602965,13.602965,host_observed_busy_poll
611,13598919,13.598919,host_observed_busy_poll
612,13602569,13.602569,host_observed_busy_poll
613,13604045,13.604045,host_observed_busy_poll
614,13599803,13.599803,host_observed_busy_poll
615,13597826,13.597826,host_observed_busy_poll
616,13598643,13.598643,host_observed_busy_poll
617,13592412,13.592412,host_observed_busy_poll
618,13593156,13.593156,host_observed_busy_poll
619,13602588,13.602588,host_observed_busy_poll
620,13599918,13.599918,host_observed_busy_poll
621,13604057,13.604057,host_observed_busy_poll
622,13595957,13.595957,host_observed_busy_poll
623,14220130,14.22013,host_observed_busy_poll
624,13612473,13.612473,host_observed_busy_poll
625,13607139,13.607139,host_observed_busy_poll
626,13595411,13.595411,host_observed_busy_poll
627,13595476,13.595476,host_observed_busy_poll
628,13599275,13.599275,host_observed_busy_poll
629,13612632,13.612632,host_observed_busy_poll
630,13606711,13.606711,host_observed_busy_poll
631,13601120,13.60112,host_observed_busy_poll
632,13596328,13.596328,host_observed_busy_poll
633,13594960,13.59496,host_observed_busy_poll
634,13607723,13.607723,host_observed_busy_poll
635,13603884,13.603884,host_observed_busy_poll
636,13594815,13.594815,host_observed_busy_poll
637,13602955,13.602955,host_observed_busy_poll
638,13616817,13.616817,host_observed_busy_poll
639,13602169,13.602169,host_observed_busy_poll
640,13605242,13.605242,host_observed_busy_poll
641,13602399,13.602399,host_observed_busy_poll
642,13605736,13.605736,host_observed_busy_poll
643,13594972,13.594972,host_observed_busy_poll
644,13596916,13.596916,host_observed_busy_poll
645,13604531,13.604531,host_observed_busy_poll
646,13602226,13.602226,host_observed_busy_poll
647,13595386,13.595386,host_observed_busy_poll
648,13601602,13.601602,host_observed_busy_poll
649,13605877,13.605877,host_observed_busy_poll
650,13598579,13.598579,host_observed_busy_poll
651,13595792,13.595792,host_observed_busy_poll
652,13602953,13.602953,host_observed_busy_poll
653,13602199,13.602199,host_observed_busy_poll
654,13604774,13.604774,host_observed_busy_poll
655,13607046,13.607046,host_observed_busy_poll
656,13602759,13.602759,host_observed_busy_poll
657,13596524,13.596524,host_observed_busy_poll
658,13603724,13.603724,host_observed_busy_poll
659,13603124,13.603124,host_observed_busy_poll
660,13612627,13.612627,host_observed_busy_poll
661,13614912,13.614912,host_observed_busy_poll
662,13604895,13.604895,host_observed_busy_poll
663,13597773,13.597773,host_observed_busy_poll
664,13609082,13.609082,host_observed_busy_poll
665,13598125,13.598125,host_observed_busy_poll
666,13603190,13.60319,host_observed_busy_poll
667,13599683,13.599683,host_observed_busy_poll
668,13601439,13.601439,host_observed_busy_poll
669,13596931,13.596931,host_observed_busy_poll
670,13620195,13.620195,host_observed_busy_poll
671,13603577,13.603577,host_observed_busy_poll
672,13614335,13.614335,host_observed_busy_poll
673,13598056,13.598056,host_observed_busy_poll
674,13596628,13.596628,host_observed_busy_poll
675,13598219,13.598219,host_observed_busy_poll
676,13592329,13.592329,host_observed_busy_poll
677,13610128,13.610128,host_observed_busy_poll
678,13594996,13.594996,host_observed_busy_poll
679,13595606,13.595606,host_observed_busy_poll
680,13598583,13.598583,host_observed_busy_poll
681,13600812,13.600812,host_observed_busy_poll
682,13593664,13.593664,host_observed_busy_poll
683,13598719,13.598719,host_observed_busy_poll
684,13603728,13.603728,host_observed_busy_poll
685,13595411,13.595411,host_observed_busy_poll
686,13594949,13.594949,host_observed_busy_poll
687,13602915,13.602915,host_observed_busy_poll
688,13606848,13.606848,host_observed_busy_poll
689,13604769,13.604769,host_observed_busy_poll
690,13603892,13.603892,host_observed_busy_poll
691,13604583,13.604583,host_observed_busy_poll
692,13606365,13.606365,host_observed_busy_poll
693,13598437,13.598437,host_observed_busy_poll
694,13595104,13.595104,host_observed_busy_poll
695,13603900,13.6039,host_observed_busy_poll
696,13596012,13.596012,host_observed_busy_poll
697,13606554,13.606554,host_observed_busy_poll
698,13607445,13.607445,host_observed_busy_poll
699,13598441,13.598441,host_observed_busy_poll
700,13605044,13.605044,host_observed_busy_poll
701,13595414,13.595414,host_observed_busy_poll
702,13602675,13.602675,host_observed_busy_poll
703,13601812,13.601812,host_observed_busy_poll
704,13602669,13.602669,host_observed_busy_poll
705,13598569,13.598569,host_observed_busy_poll
706,13596899,13.596899,host_observed_busy_poll
707,13621577,13.621577,host_observed_busy_poll
708,13597161,13.597161,host_observed_busy_poll
709,13606071,13.606071,host_observed_busy_poll
710,13605449,13.605449,host_observed_busy_poll
711,13602444,13.602444,host_observed_busy_poll
712,13594905,13.594905,host_observed_busy_poll
713,13592278,13.592278,host_observed_busy_poll
714,13598209,13.598209,host_observed_busy_poll
715,13598318,13.598318,host_observed_busy_poll
716,13607565,13.607565,host_observed_busy_poll
717,13593303,13.593303,host_observed_busy_poll
718,13600988,13.600988,host_observed_busy_poll
719,13594719,13.594719,host_observed_busy_poll
720,13620048,13.620048,host_observed_busy_poll
721,13606673,13.606673,host_observed_busy_poll
722,13607203,13.607203,host_observed_busy_poll
723,13602602,13.602602,host_observed_busy_poll
724,13600954,13.600954,host_observed_busy_poll
725,13610242,13.610242,host_observed_busy_poll
726,13604688,13.604688,host_observed_busy_poll
727,13595603,13.595603,host_observed_busy_poll
728,13598574,13.598574,host_observed_busy_poll
729,13595949,13.595949,host_observed_busy_poll
730,13611940,13.61194,host_observed_busy_poll
731,13602439,13.602439,host_observed_busy_poll
732,13606032,13.606032,host_observed_busy_poll
733,13600625,13.600625,host_observed_busy_poll
734,13601072,13.601072,host_observed_busy_poll
735,13605127,13.605127,host_observed_busy_poll
736,13607477,13.607477,host_observed_busy_poll
737,13605828,13.605828,host_observed_busy_poll
738,13598925,13.598925,host_observed_busy_poll
739,13602285,13.602285,host_observed_busy_poll
740,13605815,13.605815,host_observed_busy_poll
741,13611759,13.611759,host_observed_busy_poll
742,13602516,13.602516,host_observed_busy_poll
743,13610451,13.610451,host_observed_busy_poll
744,13603489,13.603489,host_observed_busy_poll
745,13596571,13.596571,host_observed_busy_poll
746,13593183,13.593183,host_observed_busy_poll
747,13605112,13.605112,host_observed_busy_poll
748,13601691,13.601691,host_observed_busy_poll
749,13596565,13.596565,host_observed_busy_poll
750,13609755,13.609755,host_observed_busy_poll
751,13602822,13.602822,host_observed_busy_poll
752,15029405,15.029405,host_observed_busy_poll
753,13603505,13.603505,host_observed_busy_poll
754,13595303,13.595303,host_observed_busy_poll
755,13607392,13.607392,host_observed_busy_poll
756,13602545,13.602545,host_observed_busy_poll
757,13602464,13.602464,host_observed_busy_poll
758,13602274,13.602274,host_observed_busy_poll
759,13603441,13.603441,host_observed_busy_poll
760,13605087,13.605087,host_observed_busy_poll
761,13597953,13.597953,host_observed_busy_poll
762,13607207,13.607207,host_observed_busy_poll
763,13593406,13.593406,host_observed_busy_poll
764,13600024,13.600024,host_observed_busy_poll
765,13596702,13.596702,host_observed_busy_poll
766,13602599,13.602599,host_observed_busy_poll
767,13600619,13.600619,host_observed_busy_poll
768,13599922,13.599922,host_observed_busy_poll
769,13600166,13.600166,host_observed_busy_poll
770,13601009,13.601009,host_observed_busy_poll
771,13609447,13.609447,host_observed_busy_poll
772,13601962,13.601962,host_observed_busy_poll
773,13598223,13.598223,host_observed_busy_poll
774,13596753,13.596753,host_observed_busy_poll
775,13606598,13.606598,host_observed_busy_poll
776,13604355,13.604355,host_observed_busy_poll
777,13598394,13.598394,host_observed_busy_poll
778,13602004,13.602004,host_observed_busy_poll
779,13605038,13.605038,host_observed_busy_poll
780,13598522,13.598522,host_observed_busy_poll
781,13605950,13.60595,host_observed_busy_poll
782,13599765,13.599765,host_observed_busy_poll
783,13595746,13.595746,host_observed_busy_poll
784,13604056,13.604056,host_observed_busy_poll
785,13605603,13.605603,host_observed_busy_poll
786,13607243,13.607243,host_observed_busy_poll
787,13596359,13.596359,host_observed_busy_poll
788,13607890,13.60789,host_observed_busy_poll
789,13604818,13.604818,host_observed_busy_poll
790,13599660,13.59966,host_observed_busy_poll
791,13601310,13.60131,host_observed_busy_poll
792,13598909,13.598909,host_observed_busy_poll
793,13604222,13.604222,host_observed_busy_poll
794,13598672,13.598672,host_observed_busy_poll
795,13602944,13.602944,host_observed_busy_poll
796,13596409,13.596409,host_observed_busy_poll
797,13598712,13.598712,host_observed_busy_poll
798,13603138,13.603138,host_observed_busy_poll
799,13600664,13.600664,host_observed_busy_poll
800,13605674,13.605674,host_observed_busy_poll
801,13594002,13.594002,host_observed_busy_poll
802,13596622,13.596622,host_observed_busy_poll
803,13595763,13.595763,host_observed_busy_poll
804,13596066,13.596066,host_observed_busy_poll
805,13598324,13.598324,host_observed_busy_poll
806,13592400,13.5924,host_observed_busy_poll
807,13597495,13.597495,host_observed_busy_poll
808,13603028,13.603028,host_observed_busy_poll
809,13600423,13.600423,host_observed_busy_poll
810,13608901,13.608901,host_observed_busy_poll
811,13603412,13.603412,host_observed_busy_poll
812,13603154,13.603154,host_observed_busy_poll
813,13593773,13.593773,host_observed_busy_poll
814,13604899,13.604899,host_observed_busy_poll
815,13603332,13.603332,host_observed_busy_poll
816,13593349,13.593349,host_observed_busy_poll
817,13596209,13.596209,host_observed_busy_poll
818,13593718,13.593718,host_observed_busy_poll
819,13591305,13.591305,host_observed_busy_poll
820,13593525,13.593525,host_observed_busy_poll
821,13590100,13.5901,host_observed_busy_poll
822,13587574,13.587574,host_observed_busy_poll
823,13593265,13.593265,host_observed_busy_poll
824,13587886,13.587886,host_observed_busy_poll
825,13589747,13.589747,host_observed_busy_poll
826,13591165,13.591165,host_observed_busy_poll
827,13591635,13.591635,host_observed_busy_poll
828,13591682,13.591682,host_observed_busy_poll
829,13593245,13.593245,host_observed_busy_poll
830,13591526,13.591526,host_observed_busy_poll
831,13587967,13.587967,host_observed_busy_poll
832,13601457,13.601457,host_observed_busy_poll
833,13595471,13.595471,host_observed_busy_poll
834,13596428,13.596428,host_observed_busy_poll
835,13596340,13.59634,host_observed_busy_poll
836,13594293,13.594293,host_observed_busy_poll
837,13601555,13.601555,host_observed_busy_poll
838,13604156,13.604156,host_observed_busy_poll
839,13607653,13.607653,host_observed_busy_poll
840,13593161,13.593161,host_observed_busy_poll
841,13595583,13.595583,host_observed_busy_poll
842,13606057,13.606057,host_observed_busy_poll
843,13596409,13.596409,host_observed_busy_poll
844,13603694,13.603694,host_observed_busy_poll
845,13602250,13.60225,host_observed_busy_poll
846,13604081,13.604081,host_observed_busy_poll
847,13593268,13.593268,host_observed_busy_poll
848,13606108,13.606108,host_observed_busy_poll
849,13598290,13.59829,host_observed_busy_poll
850,13598556,13.598556,host_observed_busy_poll
851,13603743,13.603743,host_observed_busy_poll
852,13601368,13.601368,host_observed_busy_poll
853,13603142,13.603142,host_observed_busy_poll
854,13600234,13.600234,host_observed_busy_poll
855,13600573,13.600573,host_observed_busy_poll
856,13606445,13.606445,host_observed_busy_poll
857,13600709,13.600709,host_observed_busy_poll
858,13598334,13.598334,host_observed_busy_poll
859,13597041,13.597041,host_observed_busy_poll
860,13591227,13.591227,host_observed_busy_poll
861,13595567,13.595567,host_observed_busy_poll
862,13595574,13.595574,host_observed_busy_poll
863,13599526,13.599526,host_observed_busy_poll
864,13601955,13.601955,host_observed_busy_poll
865,13599913,13.599913,host_observed_busy_poll
866,13591536,13.591536,host_observed_busy_poll
867,13604950,13.60495,host_observed_busy_poll
868,13598708,13.598708,host_observed_busy_poll
869,13600879,13.600879,host_observed_busy_poll
870,13601189,13.601189,host_observed_busy_poll
871,13591407,13.591407,host_observed_busy_poll
872,13595278,13.595278,host_observed_busy_poll
873,13591423,13.591423,host_observed_busy_poll
874,13594631,13.594631,host_observed_busy_poll
875,13594198,13.594198,host_observed_busy_poll
876,13602592,13.602592,host_observed_busy_poll
877,13602944,13.602944,host_observed_busy_poll
878,13597902,13.597902,host_observed_busy_poll
879,13606942,13.606942,host_observed_busy_poll
880,13602254,13.602254,host_observed_busy_poll
881,13611581,13.611581,host_observed_busy_poll
882,13598199,13.598199,host_observed_busy_poll
883,13597908,13.597908,host_observed_busy_poll
884,13597400,13.5974,host_observed_busy_poll
885,13600641,13.600641,host_observed_busy_poll
886,13596319,13.596319,host_observed_busy_poll
887,13603879,13.603879,host_observed_busy_poll
888,13593920,13.59392,host_observed_busy_poll
889,13600103,13.600103,host_observed_busy_poll
890,13602481,13.602481,host_observed_busy_poll
891,13604219,13.604219,host_observed_busy_poll
892,13594006,13.594006,host_observed_busy_poll
893,13609234,13.609234,host_observed_busy_poll
894,13593346,13.593346,host_observed_busy_poll
895,13594206,13.594206,host_observed_busy_poll
896,13603940,13.60394,host_observed_busy_poll
897,13599236,13.599236,host_observed_busy_poll
898,13597954,13.597954,host_observed_busy_poll
899,13595525,13.595525,host_observed_busy_poll
900,13600320,13.60032,host_observed_busy_poll
901,13599982,13.599982,host_observed_busy_poll
902,13630398,13.630398,host_observed_busy_poll
903,13598275,13.598275,host_observed_busy_poll
904,13598112,13.598112,host_observed_busy_poll
905,13604921,13.604921,host_observed_busy_poll
906,13600975,13.600975,host_observed_busy_poll
907,13602940,13.60294,host_observed_busy_poll
908,13600099,13.600099,host_observed_busy_poll
909,13607926,13.607926,host_observed_busy_poll
910,13602054,13.602054,host_observed_busy_poll
911,13601508,13.601508,host_observed_busy_poll
912,13600283,13.600283,host_observed_busy_poll
913,13605549,13.605549,host_observed_busy_poll
914,13604212,13.604212,host_observed_busy_poll
915,13605042,13.605042,host_observed_busy_poll
916,13602737,13.602737,host_observed_busy_poll
917,13606621,13.606621,host_observed_busy_poll
918,13605958,13.605958,host_observed_busy_poll
919,13605111,13.605111,host_observed_busy_poll
920,13602506,13.602506,host_observed_busy_poll
921,13605512,13.605512,host_observed_busy_poll
922,13596653,13.596653,host_observed_busy_poll
923,13600715,13.600715,host_observed_busy_poll
924,13597387,13.597387,host_observed_busy_poll
925,13606515,13.606515,host_observed_busy_poll
926,13605103,13.605103,host_observed_busy_poll
927,13600777,13.600777,host_observed_busy_poll
928,13605987,13.605987,host_observed_busy_poll
929,13591453,13.591453,host_observed_busy_poll
930,13596244,13.596244,host_observed_busy_poll
931,13604336,13.604336,host_observed_busy_poll
932,13607180,13.60718,host_observed_busy_poll
933,13593804,13.593804,host_observed_busy_poll
934,13605057,13.605057,host_observed_busy_poll
935,13602232,13.602232,host_observed_busy_poll
936,13598784,13.598784,host_observed_busy_poll
937,13606573,13.606573,host_observed_busy_poll
938,13599173,13.599173,host_observed_busy_poll
939,13597052,13.597052,host_observed_busy_poll
940,13596347,13.596347,host_observed_busy_poll
941,13598709,13.598709,host_observed_busy_poll
942,13598326,13.598326,host_observed_busy_poll
943,13597287,13.597287,host_observed_busy_poll
944,13591535,13.591535,host_observed_busy_poll
945,13591447,13.591447,host_observed_busy_poll
946,13600405,13.600405,host_observed_busy_poll
947,13602719,13.602719,host_observed_busy_poll
948,13597157,13.597157,host_observed_busy_poll
949,13599635,13.599635,host_observed_busy_poll
950,13597163,13.597163,host_observed_busy_poll
951,13605961,13.605961,host_observed_busy_poll
952,13602929,13.602929,host_observed_busy_poll
953,13595814,13.595814,host_observed_busy_poll
954,13593261,13.593261,host_observed_busy_poll
955,13598954,13.598954,host_observed_busy_poll
956,13600889,13.600889,host_observed_busy_poll
957,13608601,13.608601,host_observed_busy_poll
958,13608666,13.608666,host_observed_busy_poll
959,13598605,13.598605,host_observed_busy_poll
960,13599715,13.599715,host_observed_busy_poll
961,13606570,13.60657,host_observed_busy_poll
962,13600437,13.600437,host_observed_busy_poll
963,13595029,13.595029,host_observed_busy_poll
964,13593976,13.593976,host_observed_busy_poll
965,13607465,13.607465,host_observed_busy_poll
966,13619589,13.619589,host_observed_busy_poll
967,13600465,13.600465,host_observed_busy_poll
968,13608387,13.608387,host_observed_busy_poll
969,13603731,13.603731,host_observed_busy_poll
970,13599874,13.599874,host_observed_busy_poll
971,13610902,13.610902,host_observed_busy_poll
972,13602837,13.602837,host_observed_busy_poll
973,13599372,13.599372,host_observed_busy_poll
974,13595359,13.595359,host_observed_busy_poll
975,13598440,13.59844,host_observed_busy_poll
976,13597210,13.59721,host_observed_busy_poll
977,13604104,13.604104,host_observed_busy_poll
978,13601572,13.601572,host_observed_busy_poll
979,13602227,13.602227,host_observed_busy_poll
980,13608571,13.608571,host_observed_busy_poll
981,13592100,13.5921,host_observed_busy_poll
982,13595900,13.5959,host_observed_busy_poll
983,13596053,13.596053,host_observed_busy_poll
984,13597658,13.597658,host_observed_busy_poll
985,13598339,13.598339,host_observed_busy_poll
986,13595947,13.595947,host_observed_busy_poll
987,13594126,13.594126,host_observed_busy_poll
988,13595412,13.595412,host_observed_busy_poll
989,13601984,13.601984,host_observed_busy_poll
990,13597652,13.597652,host_observed_busy_poll
991,13803292,13.803292,host_observed_busy_poll
992,13603472,13.603472,host_observed_busy_poll
993,13606203,13.606203,host_observed_busy_poll
994,13603311,13.603311,host_observed_busy_poll
995,13612132,13.612132,host_observed_busy_poll
996,13608909,13.608909,host_observed_busy_poll
997,13606083,13.606083,host_observed_busy_poll
998,13604512,13.604512,host_observed_busy_poll
999,13609334,13.609334,host_observed_busy_poll
