iteration,latency_ns,latency_ms,precision,threads,kernels
0,1150262,1.150262,double,1,10
1,1103991,1.103991,double,1,10
2,1103930,1.10393,double,1,10
3,1113724,1.113724,double,1,10
4,1108237,1.108237,double,1,10
5,1103636,1.103636,double,1,10
6,1104298,1.104298,double,1,10
7,1111187,1.111187,double,1,10
8,1104492,1.104492,double,1,10
9,1107736,1.107736,double,1,10
10,1104101,1.104101,double,1,10
11,1103659,1.103659,double,1,10
12,1107697,1.107697,double,1,10
13,1119953,1.119953,double,1,10
14,1108578,1.108578,double,1,10
15,1103964,1.103964,double,1,10
16,1104137,1.104137,double,1,10
17,1110462,1.110462,double,1,10
18,1104414,1.104414,double,1,10
19,1107292,1.107292,double,1,10
20,1105855,1.105855,double,1,10
21,1105314,1.105314,double,1,10
22,1104443,1.104443,double,1,10
23,1113702,1.113702,double,1,10
24,1118794,1.118794,double,1,10
25,1110681,1.110681,double,1,10
26,1111477,1.111477,double,1,10
27,1136886,1.136886,double,1,10
28,1102875,1.102875,double,1,10
29,1103271,1.103271,double,1,10
30,1106012,1.106012,double,1,10
31,1103073,1.103073,double,1,10
32,1103980,1.10398,double,1,10
33,1106754,1.106754,double,1,10
34,1104286,1.104286,double,1,10
35,1110824,1.110824,double,1,10
36,1107928,1.107928,double,1,10
37,1106696,1.106696,double,1,10
38,1108323,1.108323,double,1,10
39,1105044,1.105044,double,1,10
40,1107391,1.107391,double,1,10
41,1104751,1.104751,double,1,10
42,1105145,1.105145,double,1,10
43,1107256,1.107256,double,1,10
44,1106125,1.106125,double,1,10
45,1106718,1.106718,double,1,10
46,1104363,1.104363,double,1,10
47,1107505,1.107505,double,1,10
48,1104850,1.10485,double,1,10
49,1103825,1.103825,double,1,10
50,1106350,1.10635,double,1,10
51,1102905,1.102905,double,1,10
52,1103355,1.103355,double,1,10
53,1109460,1.10946,double,1,10
54,1111023,1.111023,double,1,10
55,1105168,1.105168,double,1,10
56,1106194,1.106194,double,1,10
57,1107559,1.107559,double,1,10
58,1103299,1.103299,double,1,10
59,1103891,1.103891,double,1,10
60,1106704,1.106704,double,1,10
61,1104092,1.104092,double,1,10
62,1102841,1.102841,double,1,10
63,1110356,1.110356,double,1,10
64,1106786,1.106786,double,1,10
65,1104159,1.104159,double,1,10
66,1107145,1.107145,double,1,10
67,1161941,1.161941,double,1,10
68,1115044,1.115044,double,1,10
69,1129814,1.129814,double,1,10
70,1104237,1.104237,double,1,10
71,1112297,1.112297,double,1,10
72,1103096,1.103096,double,1,10
73,1110439,1.110439,double,1,10
74,1112901,1.112901,double,1,10
75,1108181,1.108181,double,1,10
76,1105976,1.105976,double,1,10
77,1102649,1.102649,double,1,10
78,1106897,1.106897,double,1,10
79,1105818,1.105818,double,1,10
80,1135090,1.13509,double,1,10
81,1103943,1.103943,double,1,10
82,1103109,1.103109,double,1,10
83,1107131,1.107131,double,1,10
84,1104986,1.104986,double,1,10
85,1118024,1.118024,double,1,10
86,1103474,1.103474,double,1,10
87,1102671,1.102671,double,1,10
88,1106984,1.106984,double,1,10
89,1109296,1.109296,double,1,10
90,1102360,1.10236,double,1,10
91,1106408,1.106408,double,1,10
92,1103013,1.103013,double,1,10
93,1113932,1.113932,double,1,10
94,1102623,1.102623,double,1,10
95,1102573,1.102573,double,1,10
96,1107658,1.107658,double,1,10
97,1103359,1.103359,double,1,10
98,1107587,1.107587,double,1,10
99,1107416,1.107416,double,1,10
100,1107226,1.107226,double,1,10
101,1110675,1.110675,double,1,10
102,1111292,1.111292,double,1,10
103,1116849,1.116849,double,1,10
104,1132464,1.132464,double,1,10
105,1108217,1.108217,double,1,10
106,1103345,1.103345,double,1,10
107,1112598,1.112598,double,1,10
108,1104358,1.104358,double,1,10
109,1106632,1.106632,double,1,10
110,1102566,1.102566,double,1,10
111,1109017,1.109017,double,1,10
112,1103276,1.103276,double,1,10
113,1106140,1.10614,double,1,10
114,1103967,1.103967,double,1,10
115,1101853,1.101853,double,1,10
116,1106935,1.106935,double,1,10
117,1110048,1.110048,double,1,10
118,1104027,1.104027,double,1,10
119,1107285,1.107285,double,1,10
120,1103838,1.103838,double,1,10
121,1106629,1.106629,double,1,10
122,1103523,1.103523,double,1,10
123,1102627,1.102627,double,1,10
124,1105943,1.105943,double,1,10
125,1103347,1.103347,double,1,10
126,1109857,1.109857,double,1,10
127,1104153,1.104153,double,1,10
128,1105574,1.105574,double,1,10
129,1102444,1.102444,double,1,10
130,1132662,1.132662,double,1,10
131,1102999,1.102999,double,1,10
132,1102538,1.102538,double,1,10
133,1106728,1.106728,double,1,10
134,1103962,1.103962,double,1,10
135,1120215,1.120215,double,1,10
136,1105051,1.105051,double,1,10
137,1103584,1.103584,double,1,10
138,1106095,1.106095,double,1,10
139,1102911,1.102911,double,1,10
140,1106275,1.106275,double,1,10
141,1102888,1.102888,double,1,10
142,1106290,1.10629,double,1,10
143,1103365,1.103365,double,1,10
144,1103059,1.103059,double,1,10
145,1109942,1.109942,double,1,10
146,1103081,1.103081,double,1,10
147,1106461,1.106461,double,1,10
148,1104192,1.104192,double,1,10
149,1108974,1.108974,double,1,10
150,1104181,1.104181,double,1,10
151,1108347,1.108347,double,1,10
152,1103873,1.103873,double,1,10
153,1104612,1.104612,double,1,10
154,1110603,1.110603,double,1,10
155,1103310,1.10331,double,1,10
156,1114569,1.114569,double,1,10
157,1102706,1.102706,double,1,10
158,1103440,1.10344,double,1,10
159,1107525,1.107525,double,1,10
160,1110852,1.110852,double,1,10
161,1107987,1.107987,double,1,10
162,1103320,1.10332,double,1,10
163,1112050,1.11205,double,1,10
164,1107371,1.107371,double,1,10
165,1109578,1.109578,double,1,10
166,1102128,1.102128,double,1,10
167,1107126,1.107126,double,1,10
168,1106440,1.10644,double,1,10
169,1106785,1.106785,double,1,10
170,1110667,1.110667,double,1,10
171,1107585,1.107585,double,1,10
172,1105798,1.105798,double,1,10
173,1106685,1.106685,double,1,10
174,1105014,1.105014,double,1,10
175,1109238,1.109238,double,1,10
176,1103919,1.103919,double,1,10
177,1106863,1.106863,double,1,10
178,1103335,1.103335,double,1,10
179,1106039,1.106039,double,1,10
180,1102625,1.102625,double,1,10
181,1102231,1.102231,double,1,10
182,1110291,1.110291,double,1,10
183,1115817,1.115817,double,1,10
184,1103830,1.10383,double,1,10
185,1103537,1.103537,double,1,10
186,1105251,1.105251,double,1,10
187,1102980,1.10298,double,1,10
188,1106792,1.106792,double,1,10
189,1103533,1.103533,double,1,10
190,1103489,1.103489,double,1,10
191,1111920,1.11192,double,1,10
192,1113103,1.113103,double,1,10
193,1103500,1.1035,double,1,10
194,1102829,1.102829,double,1,10
195,1106722,1.106722,double,1,10
196,1103365,1.103365,double,1,10
197,1106828,1.106828,double,1,10
198,1103603,1.103603,double,1,10
199,1106894,1.106894,double,1,10
200,1109259,1.109259,double,1,10
201,1109974,1.109974,double,1,10
202,1107182,1.107182,double,1,10
203,1102788,1.102788,double,1,10
204,1103397,1.103397,double,1,10
205,1117650,1.11765,double,1,10
206,1118606,1.118606,double,1,10
207,1140101,1.140101,double,1,10
208,1116971,1.116971,double,1,10
209,1126232,1.126232,double,1,10
210,1127960,1.12796,double,1,10
211,1143462,1.143462,double,1,10
212,1119036,1.119036,double,1,10
213,1113231,1.113231,double,1,10
214,1119781,1.119781,double,1,10
215,1110942,1.110942,double,1,10
216,1113276,1.113276,double,1,10
217,1120759,1.120759,double,1,10
218,1114237,1.114237,double,1,10
219,1124932,1.124932,double,1,10
220,1112211,1.112211,double,1,10
221,1114478,1.114478,double,1,10
222,1118655,1.118655,double,1,10
223,1112432,1.112432,double,1,10
224,1112867,1.112867,double,1,10
225,1124594,1.124594,double,1,10
226,1112393,1.112393,double,1,10
227,1118409,1.118409,double,1,10
228,1113184,1.113184,double,1,10
229,1112601,1.112601,double,1,10
230,1114530,1.11453,double,1,10
231,1111902,1.111902,double,1,10
232,1120917,1.120917,double,1,10
233,1112347,1.112347,double,1,10
234,1121660,1.12166,double,1,10
235,1113980,1.11398,double,1,10
236,1111217,1.111217,double,1,10
237,1119654,1.119654,double,1,10
238,1113042,1.113042,double,1,10
239,1115228,1.115228,double,1,10
240,1124333,1.124333,double,1,10
241,1113349,1.113349,double,1,10
242,1121931,1.121931,double,1,10
243,1113025,1.113025,double,1,10
244,1112466,1.112466,double,1,10
245,1116018,1.116018,double,1,10
246,1118620,1.11862,double,1,10
247,1127689,1.127689,double,1,10
248,1132258,1.132258,double,1,10
249,1124191,1.124191,double,1,10
250,1116543,1.116543,double,1,10
251,1119271,1.119271,double,1,10
252,1115925,1.115925,double,1,10
253,1117442,1.117442,double,1,10
254,1124542,1.124542,double,1,10
255,1113868,1.113868,double,1,10
256,1113378,1.113378,double,1,10
257,1114562,1.114562,double,1,10
258,1125804,1.125804,double,1,10
259,1115057,1.115057,double,1,10
260,1119158,1.119158,double,1,10
261,1113402,1.113402,double,1,10
262,1113359,1.113359,double,1,10
263,1118359,1.118359,double,1,10
264,1114850,1.11485,double,1,10
265,1121781,1.121781,double,1,10
266,1113875,1.113875,double,1,10
267,1121429,1.121429,double,1,10
268,1116764,1.116764,double,1,10
269,1123645,1.123645,double,1,10
270,1121631,1.121631,double,1,10
271,1110441,1.110441,double,1,10
272,1114105,1.114105,double,1,10
273,1124839,1.124839,double,1,10
274,1113913,1.113913,double,1,10
275,1118607,1.118607,double,1,10
276,1116425,1.116425,double,1,10
277,1114783,1.114783,double,1,10
278,1114944,1.114944,double,1,10
279,1119713,1.119713,double,1,10
280,1117843,1.117843,double,1,10
281,1119920,1.11992,double,1,10
282,1115081,1.115081,double,1,10
283,1116394,1.116394,double,1,10
284,1126358,1.126358,double,1,10
285,1110841,1.110841,double,1,10
286,1113269,1.113269,double,1,10
287,1113780,1.11378,double,1,10
288,1113483,1.113483,double,1,10
289,1116243,1.116243,double,1,10
290,1114610,1.11461,double,1,10
291,1112730,1.11273,double,1,10
292,1123579,1.123579,double,1,10
293,1113640,1.11364,double,1,10
294,1118004,1.118004,double,1,10
295,1148542,1.148542,double,1,10
296,1120740,1.12074,double,1,10
297,1113270,1.11327,double,1,10
298,1113571,1.113571,double,1,10
299,1124948,1.124948,double,1,10
300,1123058,1.123058,double,1,10
301,1113446,1.113446,double,1,10
302,1112377,1.112377,double,1,10
303,1118397,1.118397,double,1,10
304,1116764,1.116764,double,1,10
305,1118226,1.118226,double,1,10
306,1114425,1.114425,double,1,10
307,1134883,1.134883,double,1,10
308,1118325,1.118325,double,1,10
309,1122699,1.122699,double,1,10
310,1127745,1.127745,double,1,10
311,1119089,1.119089,double,1,10
312,1112997,1.112997,double,1,10
313,1112685,1.112685,double,1,10
314,1119147,1.119147,double,1,10
315,1113608,1.113608,double,1,10
316,1110286,1.110286,double,1,10
317,1123246,1.123246,double,1,10
318,1127342,1.127342,double,1,10
319,1114265,1.114265,double,1,10
320,1112398,1.112398,double,1,10
321,1118226,1.118226,double,1,10
322,1111563,1.111563,double,1,10
323,1114016,1.114016,double,1,10
324,1118355,1.118355,double,1,10
325,1118922,1.118922,double,1,10
326,1115600,1.1156,double,1,10
327,1114488,1.114488,double,1,10
328,1117754,1.117754,double,1,10
329,1111177,1.111177,double,1,10
330,1113806,1.113806,double,1,10
331,1116659,1.116659,double,1,10
332,1117898,1.117898,double,1,10
333,1112734,1.112734,double,1,10
334,1123923,1.123923,double,1,10
335,1124373,1.124373,double,1,10
336,1113057,1.113057,double,1,10
337,1118160,1.11816,double,1,10
338,1114373,1.114373,double,1,10
339,1124715,1.124715,double,1,10
340,1119433,1.119433,double,1,10
341,1111002,1.111002,double,1,10
342,1122471,1.122471,double,1,10
343,1110195,1.110195,double,1,10
344,1118197,1.118197,double,1,10
345,1115180,1.11518,double,1,10
346,1115014,1.115014,double,1,10
347,1115154,1.115154,double,1,10
348,1114239,1.114239,double,1,10
349,1110227,1.110227,double,1,10
350,1126032,1.126032,double,1,10
351,1117849,1.117849,double,1,10
352,1114266,1.114266,double,1,10
353,1115228,1.115228,double,1,10
354,1121339,1.121339,double,1,10
355,1111975,1.111975,double,1,10
356,1120250,1.12025,double,1,10
357,1112656,1.112656,double,1,10
358,1112415,1.112415,double,1,10
359,1124139,1.124139,double,1,10
360,1122186,1.122186,double,1,10
361,1113936,1.113936,double,1,10
362,1124003,1.124003,double,1,10
363,1167585,1.167585,double,1,10
364,1139451,1.139451,double,1,10
365,1114191,1.114191,double,1,10
366,1120057,1.120057,double,1,10
367,1116264,1.116264,double,1,10
368,1119418,1.119418,double,1,10
369,1112352,1.112352,double,1,10
370,1114961,1.114961,double,1,10
371,1120816,1.120816,double,1,10
372,1114262,1.114262,double,1,10
373,1110992,1.110992,double,1,10
374,1117744,1.117744,double,1,10
375,1121898,1.121898,double,1,10
376,1113221,1.113221,double,1,10
377,1112126,1.112126,double,1,10
378,1123784,1.123784,double,1,10
379,1117325,1.117325,double,1,10
380,1110779,1.110779,double,1,10
381,1120981,1.120981,double,1,10
382,1112668,1.112668,double,1,10
383,1113449,1.113449,double,1,10
384,1111644,1.111644,double,1,10
385,1119577,1.119577,double,1,10
386,1111245,1.111245,double,1,10
387,1111027,1.111027,double,1,10
388,1135335,1.135335,double,1,10
389,1113146,1.113146,double,1,10
390,1118738,1.118738,double,1,10
391,1111580,1.11158,double,1,10
392,1125111,1.125111,double,1,10
393,1330182,1.330182,double,1,10
394,1366001,1.366001,double,1,10
395,1421245,1.421245,double,1,10
396,1403000,1.403,double,1,10
397,1308032,1.308032,double,1,10
398,1471632,1.471632,double,1,10
399,1139427,1.139427,double,1,10
400,1101889,1.101889,double,1,10
401,1112782,1.112782,double,1,10
402,1108990,1.10899,double,1,10
403,1121052,1.121052,double,1,10
404,1105762,1.105762,double,1,10
405,1115430,1.11543,double,1,10
406,1119638,1.119638,double,1,10
407,1110949,1.110949,double,1,10
408,1104124,1.104124,double,1,10
409,1292155,1.292155,double,1,10
410,1376797,1.376797,double,1,10
411,1259625,1.259625,double,1,10
412,1103398,1.103398,double,1,10
413,1111207,1.111207,double,1,10
414,1105276,1.105276,double,1,10
415,1106967,1.106967,double,1,10
416,1112934,1.112934,double,1,10
417,1109174,1.109174,double,1,10
418,1105097,1.105097,double,1,10
419,1104340,1.10434,double,1,10
420,1107231,1.107231,double,1,10
421,1114696,1.114696,double,1,10
422,1119098,1.119098,double,1,10
423,1126979,1.126979,double,1,10
424,1110824,1.110824,double,1,10
425,1103596,1.103596,double,1,10
426,1103430,1.10343,double,1,10
427,1107882,1.107882,double,1,10
428,1104634,1.104634,double,1,10
429,1103719,1.103719,double,1,10
430,1107001,1.107001,double,1,10
431,1104910,1.10491,double,1,10
432,1104288,1.104288,double,1,10
433,1106335,1.106335,double,1,10
434,1114271,1.114271,double,1,10
435,1104548,1.104548,double,1,10
436,1103135,1.103135,double,1,10
437,1115223,1.115223,double,1,10
438,1107215,1.107215,double,1,10
439,1109530,1.10953,double,1,10
440,1104462,1.104462,double,1,10
441,1109689,1.109689,double,1,10
442,1110336,1.110336,double,1,10
443,1106454,1.106454,double,1,10
444,1112632,1.112632,double,1,10
445,1107376,1.107376,double,1,10
446,1107729,1.107729,double,1,10
447,1104452,1.104452,double,1,10
448,1111301,1.111301,double,1,10
449,1103261,1.103261,double,1,10
450,1123325,1.123325,double,1,10
451,1110084,1.110084,double,1,10
452,1108445,1.108445,double,1,10
453,1108085,1.108085,double,1,10
454,1104493,1.104493,double,1,10
455,1104244,1.104244,double,1,10
456,1106915,1.106915,double,1,10
457,1102961,1.102961,double,1,10
458,1104636,1.104636,double,1,10
459,1112833,1.112833,double,1,10
460,1103021,1.103021,double,1,10
461,1111320,1.11132,double,1,10
462,1103845,1.103845,double,1,10
463,1109248,1.109248,double,1,10
464,1104081,1.104081,double,1,10
465,1103695,1.103695,double,1,10
466,1117587,1.117587,double,1,10
467,1103535,1.103535,double,1,10
468,1104073,1.104073,double,1,10
469,1106812,1.106812,double,1,10
470,1106330,1.10633,double,1,10
471,1105817,1.105817,double,1,10
472,1108107,1.108107,double,1,10
473,1108725,1.108725,double,1,10
474,1106149,1.106149,double,1,10
475,1107034,1.107034,double,1,10
476,1106153,1.106153,double,1,10
477,1139878,1.139878,double,1,10
478,1121899,1.121899,double,1,10
479,1129143,1.129143,double,1,10
480,1112190,1.11219,double,1,10
481,1121656,1.121656,double,1,10
482,1111189,1.111189,double,1,10
483,1115211,1.115211,double,1,10
484,1115354,1.115354,double,1,10
485,1115110,1.11511,double,1,10
486,1119807,1.119807,double,1,10
487,1121612,1.121612,double,1,10
488,1124665,1.124665,double,1,10
489,1110154,1.110154,double,1,10
490,1120969,1.120969,double,1,10
491,1111138,1.111138,double,1,10
492,1112688,1.112688,double,1,10
493,1111075,1.111075,double,1,10
494,1117640,1.11764,double,1,10
495,1112216,1.112216,double,1,10
496,1121922,1.121922,double,1,10
497,1119520,1.11952,double,1,10
498,1113758,1.113758,double,1,10
499,1113979,1.113979,double,1,10
500,1119902,1.119902,double,1,10
501,1112362,1.112362,double,1,10
502,1113497,1.113497,double,1,10
503,1116763,1.116763,double,1,10
504,1115180,1.11518,double,1,10
505,1126841,1.126841,double,1,10
506,1114337,1.114337,double,1,10
507,1110725,1.110725,double,1,10
508,1119749,1.119749,double,1,10
509,1110733,1.110733,double,1,10
510,1120369,1.120369,double,1,10
511,1111438,1.111438,double,1,10
512,1114591,1.114591,double,1,10
513,1121886,1.121886,double,1,10
514,1114923,1.114923,double,1,10
515,1115830,1.11583,double,1,10
516,1131289,1.131289,double,1,10
517,1111053,1.111053,double,1,10
518,1117327,1.117327,double,1,10
519,1111989,1.111989,double,1,10
520,1118185,1.118185,double,1,10
521,1115132,1.115132,double,1,10
522,1117620,1.11762,double,1,10
523,1113379,1.113379,double,1,10
524,1113219,1.113219,double,1,10
525,1117497,1.117497,double,1,10
526,1121544,1.121544,double,1,10
527,1112194,1.112194,double,1,10
528,1117957,1.117957,double,1,10
529,1114630,1.11463,double,1,10
530,1119540,1.11954,double,1,10
531,1115653,1.115653,double,1,10
532,1109251,1.109251,double,1,10
533,1119096,1.119096,double,1,10
534,1110812,1.110812,double,1,10
535,1116961,1.116961,double,1,10
536,1112031,1.112031,double,1,10
537,1116595,1.116595,double,1,10
538,1117039,1.117039,double,1,10
539,1122335,1.122335,double,1,10
540,1124085,1.124085,double,1,10
541,1116262,1.116262,double,1,10
542,1118507,1.118507,double,1,10
543,1115611,1.115611,double,1,10
544,1127061,1.127061,double,1,10
545,1112328,1.112328,double,1,10
546,1156753,1.156753,double,1,10
547,1108805,1.108805,double,1,10
548,1547407,1.547407,double,1,10
549,1586742,1.586742,double,1,10
550,1112214,1.112214,double,1,10
551,1315633,1.315633,double,1,10
552,1459773,1.459773,double,1,10
553,1115807,1.115807,double,1,10
554,1103298,1.103298,double,1,10
555,1104144,1.104144,double,1,10
556,1108297,1.108297,double,1,10
557,1105418,1.105418,double,1,10
558,1115062,1.115062,double,1,10
559,1104028,1.104028,double,1,10
560,1110411,1.110411,double,1,10
561,1104233,1.104233,double,1,10
562,1107391,1.107391,double,1,10
563,1104127,1.104127,double,1,10
564,1102647,1.102647,double,1,10
565,1107231,1.107231,double,1,10
566,1103031,1.103031,double,1,10
567,1103420,1.10342,double,1,10
568,1106853,1.106853,double,1,10
569,1119629,1.119629,double,1,10
570,1103737,1.103737,double,1,10
571,1103545,1.103545,double,1,10
572,1107091,1.107091,double,1,10
573,1111108,1.111108,double,1,10
574,1107915,1.107915,double,1,10
575,1103343,1.103343,double,1,10
576,1104692,1.104692,double,1,10
577,1106493,1.106493,double,1,10
578,1106702,1.106702,double,1,10
579,1106241,1.106241,double,1,10
580,1102855,1.102855,double,1,10
581,1105891,1.105891,double,1,10
582,1102863,1.102863,double,1,10
583,1148356,1.148356,double,1,10
584,1113944,1.113944,double,1,10
585,1103512,1.103512,double,1,10
586,1103024,1.103024,double,1,10
587,1109719,1.109719,double,1,10
588,1106410,1.10641,double,1,10
589,1102453,1.102453,double,1,10
590,1106518,1.106518,double,1,10
591,1103196,1.103196,double,1,10
592,1103204,1.103204,double,1,10
593,1105707,1.105707,double,1,10
594,1102585,1.102585,double,1,10
595,1106574,1.106574,double,1,10
596,1103462,1.103462,double,1,10
597,1122350,1.12235,double,1,10
598,1102256,1.102256,double,1,10
599,1105005,1.105005,double,1,10
600,1172135,1.172135,double,1,10
601,1107565,1.107565,double,1,10
602,1115216,1.115216,double,1,10
603,1104490,1.10449,double,1,10
604,1104113,1.104113,double,1,10
605,1118698,1.118698,double,1,10
606,1103066,1.103066,double,1,10
607,1103688,1.103688,double,1,10
608,1107273,1.107273,double,1,10
609,1103445,1.103445,double,1,10
610,1104324,1.104324,double,1,10
611,1173663,1.173663,double,1,10
612,1155022,1.155022,double,1,10
613,1122841,1.122841,double,1,10
614,1116481,1.116481,double,1,10
615,1121859,1.121859,double,1,10
616,1113574,1.113574,double,1,10
617,1115603,1.115603,double,1,10
618,1126170,1.12617,double,1,10
619,1114610,1.11461,double,1,10
620,1112492,1.112492,double,1,10
621,1122920,1.12292,double,1,10
622,1114432,1.114432,double,1,10
623,1116998,1.116998,double,1,10
624,1113558,1.113558,double,1,10
625,1117309,1.117309,double,1,10
626,1114204,1.114204,double,1,10
627,1117791,1.117791,double,1,10
628,1114251,1.114251,double,1,10
629,1121762,1.121762,double,1,10
630,1116551,1.116551,double,1,10
631,1120625,1.120625,double,1,10
632,1111946,1.111946,double,1,10
633,1117109,1.117109,double,1,10
634,1116846,1.116846,double,1,10
635,1114981,1.114981,double,1,10
636,1112843,1.112843,double,1,10
637,1120247,1.120247,double,1,10
638,1124415,1.124415,double,1,10
639,1120047,1.120047,double,1,10
640,1113146,1.113146,double,1,10
641,1120880,1.12088,double,1,10
642,1112761,1.112761,double,1,10
643,1113482,1.113482,double,1,10
644,1119101,1.119101,double,1,10
645,1113460,1.11346,double,1,10
646,1124610,1.12461,double,1,10
647,1117891,1.117891,double,1,10
648,1123791,1.123791,double,1,10
649,1114952,1.114952,double,1,10
650,1120882,1.120882,double,1,10
651,1113639,1.113639,double,1,10
652,1112511,1.112511,double,1,10
653,1115538,1.115538,double,1,10
654,1113015,1.113015,double,1,10
655,1123542,1.123542,double,1,10
656,1111475,1.111475,double,1,10
657,1119816,1.119816,double,1,10
658,1122142,1.122142,double,1,10
659,1121472,1.121472,double,1,10
660,1113924,1.113924,double,1,10
661,1113507,1.113507,double,1,10
662,1118580,1.11858,double,1,10
663,1117958,1.117958,double,1,10
664,1113699,1.113699,double,1,10
665,1117853,1.117853,double,1,10
666,1112936,1.112936,double,1,10
667,1116559,1.116559,double,1,10
668,1211568,1.211568,double,1,10
669,1201218,1.201218,double,1,10
670,1188124,1.188124,double,1,10
671,1123642,1.123642,double,1,10
672,1115165,1.115165,double,1,10
673,1113908,1.113908,double,1,10
674,1129767,1.129767,double,1,10
675,1116785,1.116785,double,1,10
676,1112654,1.112654,double,1,10
677,1123235,1.123235,double,1,10
678,1125106,1.125106,double,1,10
679,1115833,1.115833,double,1,10
680,1111759,1.111759,double,1,10
681,1127318,1.127318,double,1,10
682,1115554,1.115554,double,1,10
683,1118178,1.118178,double,1,10
684,1129267,1.129267,double,1,10
685,1107012,1.107012,double,1,10
686,1121279,1.121279,double,1,10
687,1109787,1.109787,double,1,10
688,1110635,1.110635,double,1,10
689,1107530,1.10753,double,1,10
690,1112598,1.112598,double,1,10
691,1111710,1.11171,double,1,10
692,1103937,1.103937,double,1,10
693,1104534,1.104534,double,1,10
694,1116801,1.116801,double,1,10
695,1107184,1.107184,double,1,10
696,1107901,1.107901,double,1,10
697,1135811,1.135811,double,1,10
698,1108862,1.108862,double,1,10
699,1104460,1.10446,double,1,10
700,1104088,1.104088,double,1,10
701,1111761,1.111761,double,1,10
702,1103804,1.103804,double,1,10
703,1105959,1.105959,double,1,10
704,1117437,1.117437,double,1,10
705,1114578,1.114578,double,1,10
706,1103954,1.103954,double,1,10
707,1109142,1.109142,double,1,10
708,1111708,1.111708,double,1,10
709,1107049,1.107049,double,1,10
710,1103508,1.103508,double,1,10
711,1107305,1.107305,double,1,10
712,1104110,1.10411,double,1,10
713,1109843,1.109843,double,1,10
714,1106561,1.106561,double,1,10
715,1262796,1.262796,double,1,10
716,1103817,1.103817,double,1,10
717,1103896,1.103896,double,1,10
718,1110898,1.110898,double,1,10
719,1104001,1.104001,double,1,10
720,1172151,1.172151,double,1,10
721,1104224,1.104224,double,1,10
722,1128103,1.128103,double,1,10
723,1129062,1.129062,double,1,10
724,1138456,1.138456,double,1,10
725,1109954,1.109954,double,1,10
726,1160670,1.16067,double,1,10
727,1168771,1.168771,double,1,10
728,1110433,1.110433,double,1,10
729,1110031,1.110031,double,1,10
730,1109867,1.109867,double,1,10
731,1109570,1.10957,double,1,10
732,1104374,1.104374,double,1,10
733,1103407,1.103407,double,1,10
734,1107465,1.107465,double,1,10
735,1114272,1.114272,double,1,10
736,1108479,1.108479,double,1,10
737,1106934,1.106934,double,1,10
738,1107324,1.107324,double,1,10
739,1103378,1.103378,double,1,10
740,1111045,1.111045,double,1,10
741,1108579,1.108579,double,1,10
742,1116272,1.116272,double,1,10
743,1122099,1.122099,double,1,10
744,1111909,1.111909,double,1,10
745,1114838,1.114838,double,1,10
746,1132523,1.132523,double,1,10
747,1129379,1.129379,double,1,10
748,1116869,1.116869,double,1,10
749,1119092,1.119092,double,1,10
750,1121065,1.121065,double,1,10
751,1114076,1.114076,double,1,10
752,1112872,1.112872,double,1,10
753,1117270,1.11727,double,1,10
754,1123352,1.123352,double,1,10
755,1112317,1.112317,double,1,10
756,1115134,1.115134,double,1,10
757,1125840,1.12584,double,1,10
758,1128830,1.12883,double,1,10
759,1111649,1.111649,double,1,10
760,1114324,1.114324,double,1,10
761,1119662,1.119662,double,1,10
762,1119672,1.119672,double,1,10
763,1132445,1.132445,double,1,10
764,1114884,1.114884,double,1,10
765,1114197,1.114197,double,1,10
766,1119212,1.119212,double,1,10
767,1112502,1.112502,double,1,10
768,1117832,1.117832,double,1,10
769,1114372,1.114372,double,1,10
770,1126538,1.126538,double,1,10
771,1114922,1.114922,double,1,10
772,1112207,1.112207,double,1,10
773,1116948,1.116948,double,1,10
774,1111637,1.111637,double,1,10
775,1118503,1.118503,double,1,10
776,1180095,1.180095,double,1,10
777,1118183,1.118183,double,1,10
778,1125691,1.125691,double,1,10
779,1115528,1.115528,double,1,10
780,1116922,1.116922,double,1,10
781,1117092,1.117092,double,1,10
782,1116398,1.116398,double,1,10
783,1115231,1.115231,double,1,10
784,1120562,1.120562,double,1,10
785,1117285,1.117285,double,1,10
786,1115566,1.115566,double,1,10
787,1108569,1.108569,double,1,10
788,1109175,1.109175,double,1,10
789,1107503,1.107503,double,1,10
790,1129984,1.129984,double,1,10
791,1102832,1.102832,double,1,10
792,1107623,1.107623,double,1,10
793,1115697,1.115697,double,1,10
794,1119078,1.119078,double,1,10
795,1111904,1.111904,double,1,10
796,1133566,1.133566,double,1,10
797,1272320,1.27232,double,1,10
798,1429823,1.429823,double,1,10
799,1249295,1.249295,double,1,10
800,1141218,1.141218,double,1,10
801,1120727,1.120727,double,1,10
802,1155091,1.155091,double,1,10
803,1115323,1.115323,double,1,10
804,1149316,1.149316,double,1,10
805,1146131,1.146131,double,1,10
806,1156443,1.156443,double,1,10
807,1547481,1.547481,double,1,10
808,1310475,1.310475,double,1,10
809,1147163,1.147163,double,1,10
810,1147282,1.147282,double,1,10
811,1186613,1.186613,double,1,10
812,1123716,1.123716,double,1,10
813,1106698,1.106698,double,1,10
814,1122519,1.122519,double,1,10
815,1116729,1.116729,double,1,10
816,1114115,1.114115,double,1,10
817,1105151,1.105151,double,1,10
818,1106593,1.106593,double,1,10
819,1113905,1.113905,double,1,10
820,1105231,1.105231,double,1,10
821,1104353,1.104353,double,1,10
822,1112304,1.112304,double,1,10
823,1152691,1.152691,double,1,10
824,1126763,1.126763,double,1,10
825,1123832,1.123832,double,1,10
826,1108918,1.108918,double,1,10
827,1138108,1.138108,double,1,10
828,1114803,1.114803,double,1,10
829,1120565,1.120565,double,1,10
830,1107231,1.107231,double,1,10
831,1112986,1.112986,double,1,10
832,1118864,1.118864,double,1,10
833,1114587,1.114587,double,1,10
834,1125563,1.125563,double,1,10
835,1146789,1.146789,double,1,10
836,1124440,1.12444,double,1,10
837,1120492,1.120492,double,1,10
838,1108931,1.108931,double,1,10
839,1113156,1.113156,double,1,10
840,1125279,1.125279,double,1,10
841,1105390,1.10539,double,1,10
842,1109483,1.109483,double,1,10
843,1108869,1.108869,double,1,10
844,1107444,1.107444,double,1,10
845,1108090,1.10809,double,1,10
846,1108871,1.108871,double,1,10
847,1121314,1.121314,double,1,10
848,1108200,1.1082,double,1,10
849,1112498,1.112498,double,1,10
850,1107467,1.107467,double,1,10
851,1111263,1.111263,double,1,10
852,1104768,1.104768,double,1,10
853,1104487,1.104487,double,1,10
854,1113377,1.113377,double,1,10
855,1106690,1.10669,double,1,10
856,1106845,1.106845,double,1,10
857,1109397,1.109397,double,1,10
858,1107246,1.107246,double,1,10
859,1171662,1.171662,double,1,10
860,1152866,1.152866,double,1,10
861,1116086,1.116086,double,1,10
862,1105052,1.105052,double,1,10
863,1104163,1.104163,double,1,10
864,1117479,1.117479,double,1,10
865,1103914,1.103914,double,1,10
866,1112401,1.112401,double,1,10
867,1103814,1.103814,double,1,10
868,1108281,1.108281,double,1,10
869,1103732,1.103732,double,1,10
870,1106915,1.106915,double,1,10
871,1104175,1.104175,double,1,10
872,1158942,1.158942,double,1,10
873,1199217,1.199217,double,1,10
874,1170037,1.170037,double,1,10
875,1113602,1.113602,double,1,10
876,1147721,1.147721,double,1,10
877,1120854,1.120854,double,1,10
878,1135295,1.135295,double,1,10
879,1121509,1.121509,double,1,10
880,1124876,1.124876,double,1,10
881,1144561,1.144561,double,1,10
882,1137641,1.137641,double,1,10
883,1133112,1.133112,double,1,10
884,1141248,1.141248,double,1,10
885,1139260,1.13926,double,1,10
886,1107069,1.107069,double,1,10
887,1118364,1.118364,double,1,10
888,1110499,1.110499,double,1,10
889,1102847,1.102847,double,1,10
890,1103475,1.103475,double,1,10
891,1101932,1.101932,double,1,10
892,1106040,1.10604,double,1,10
893,1102768,1.102768,double,1,10
894,1110400,1.1104,double,1,10
895,1110768,1.110768,double,1,10
896,1105766,1.105766,double,1,10
897,1102027,1.102027,double,1,10
898,1114039,1.114039,double,1,10
899,1109748,1.109748,double,1,10
900,1102810,1.10281,double,1,10
901,1113642,1.113642,double,1,10
902,1109317,1.109317,double,1,10
903,1109647,1.109647,double,1,10
904,1103145,1.103145,double,1,10
905,1118905,1.118905,double,1,10
906,1114037,1.114037,double,1,10
907,1123940,1.12394,double,1,10
908,1106928,1.106928,double,1,10
909,1108815,1.108815,double,1,10
910,1104588,1.104588,double,1,10
911,1109859,1.109859,double,1,10
912,1104635,1.104635,double,1,10
913,1110474,1.110474,double,1,10
914,1105533,1.105533,double,1,10
915,1101558,1.101558,double,1,10
916,1111429,1.111429,double,1,10
917,1185702,1.185702,double,1,10
918,1115609,1.115609,double,1,10
919,1103520,1.10352,double,1,10
920,1109506,1.109506,double,1,10
921,1104065,1.104065,double,1,10
922,1103270,1.10327,double,1,10
923,1107352,1.107352,double,1,10
924,1109947,1.109947,double,1,10
925,1109766,1.109766,double,1,10
926,1116254,1.116254,double,1,10
927,1108529,1.108529,double,1,10
928,1103592,1.103592,double,1,10
929,1106238,1.106238,double,1,10
930,1102709,1.102709,double,1,10
931,1103494,1.103494,double,1,10
932,1106718,1.106718,double,1,10
933,1115660,1.11566,double,1,10
934,1107488,1.107488,double,1,10
935,1106507,1.106507,double,1,10
936,1111334,1.111334,double,1,10
937,1111336,1.111336,double,1,10
938,1102779,1.102779,double,1,10
939,1104605,1.104605,double,1,10
940,1106200,1.1062,double,1,10
941,1107605,1.107605,double,1,10
942,1110849,1.110849,double,1,10
943,1103704,1.103704,double,1,10
944,1107215,1.107215,double,1,10
945,1102914,1.102914,double,1,10
946,1106489,1.106489,double,1,10
947,1103543,1.103543,double,1,10
948,1104013,1.104013,double,1,10
949,1110987,1.110987,double,1,10
950,1104494,1.104494,double,1,10
951,1102923,1.102923,double,1,10
952,1122070,1.12207,double,1,10
953,1108798,1.108798,double,1,10
954,1110889,1.110889,double,1,10
955,1108869,1.108869,double,1,10
956,1106265,1.106265,double,1,10
957,1104179,1.104179,double,1,10
958,1106069,1.106069,double,1,10
959,1104658,1.104658,double,1,10
960,1107326,1.107326,double,1,10
961,1107105,1.107105,double,1,10
962,1116309,1.116309,double,1,10
963,1106814,1.106814,double,1,10
964,1105532,1.105532,double,1,10
965,1104360,1.10436,double,1,10
966,1110064,1.110064,double,1,10
967,1103642,1.103642,double,1,10
968,1106238,1.106238,double,1,10
969,1108549,1.108549,double,1,10
970,1132058,1.132058,double,1,10
971,1103431,1.103431,double,1,10
972,1112799,1.112799,double,1,10
973,1108065,1.108065,double,1,10
974,1103125,1.103125,double,1,10
975,1111380,1.11138,double,1,10
976,1108608,1.108608,double,1,10
977,1110469,1.110469,double,1,10
978,1108327,1.108327,double,1,10
979,1110527,1.110527,double,1,10
980,1108669,1.108669,double,1,10
981,1104224,1.104224,double,1,10
982,1106918,1.106918,double,1,10
983,1103772,1.103772,double,1,10
984,1103895,1.103895,double,1,10
985,1111213,1.111213,double,1,10
986,1102302,1.102302,double,1,10
987,1107821,1.107821,double,1,10
988,1107247,1.107247,double,1,10
989,1107214,1.107214,double,1,10
990,1102625,1.102625,double,1,10
991,1114768,1.114768,double,1,10
992,1102970,1.10297,double,1,10
993,1105716,1.105716,double,1,10
994,1108102,1.108102,double,1,10
995,1121543,1.121543,double,1,10
996,1116580,1.11658,double,1,10
997,1108013,1.108013,double,1,10
998,1109914,1.109914,double,1,10
999,1111347,1.111347,double,1,10
